dt,AverageTemperature,AverageTemperatureUncertainty,City,Country,Latitude,Longitude,Year
2000-01-01,20.781,0.318,Ahmadabad,India,23.31N,72.52E,2000
2000-02-01,21.246,0.189,Ahmadabad,India,23.31N,72.52E,2000
2000-03-01,26.565,0.261,Ahmadabad,India,23.31N,72.52E,2000
2000-04-01,32.275,0.299,Ahmadabad,India,23.31N,72.52E,2000
2000-05-01,32.847,0.265,Ahmadabad,India,23.31N,72.52E,2000
2000-06-01,32.49,0.598,Ahmadabad,India,23.31N,72.52E,2000
2000-07-01,28.678,0.17600000000000002,Ahmadabad,India,23.31N,72.52E,2000
2000-08-01,28.616,0.404,Ahmadabad,India,23.31N,72.52E,2000
2000-09-01,29.087,0.254,Ahmadabad,India,23.31N,72.52E,2000
2000-10-01,29.285,0.628,Ahmadabad,India,23.31N,72.52E,2000
2000-11-01,25.576999999999998,0.86,Ahmadabad,India,23.31N,72.52E,2000
2000-12-01,21.785,0.523,Ahmadabad,India,23.31N,72.52E,2000
2001-01-01,19.77,0.512,Ahmadabad,India,23.31N,72.52E,2001
2001-02-01,22.438,0.5710000000000001,Ahmadabad,India,23.31N,72.52E,2001
2001-03-01,27.198,0.67,Ahmadabad,India,23.31N,72.52E,2001
2001-04-01,31.034,0.262,Ahmadabad,India,23.31N,72.52E,2001
2001-05-01,33.358000000000004,0.345,Ahmadabad,India,23.31N,72.52E,2001
2001-06-01,30.717,0.672,Ahmadabad,India,23.31N,72.52E,2001
2001-07-01,27.73,0.321,Ahmadabad,India,23.31N,72.52E,2001
2001-08-01,27.893,0.205,Ahmadabad,India,23.31N,72.52E,2001
2001-09-01,29.49,0.261,Ahmadabad,India,23.31N,72.52E,2001
2001-10-01,29.073,0.277,Ahmadabad,India,23.31N,72.52E,2001
2001-11-01,25.516,0.29600000000000004,Ahmadabad,India,23.31N,72.52E,2001
2001-12-01,22.16,1.125,Ahmadabad,India,23.31N,72.52E,2001
2002-01-01,19.831,0.85,Ahmadabad,India,23.31N,72.52E,2002
2002-02-01,22.333,0.845,Ahmadabad,India,23.31N,72.52E,2002
2002-03-01,27.885,0.974,Ahmadabad,India,23.31N,72.52E,2002
2002-04-01,32.02,0.116,Ahmadabad,India,23.31N,72.52E,2002
2002-05-01,34.317,0.446,Ahmadabad,India,23.31N,72.52E,2002
2002-06-01,32.522,0.14300000000000002,Ahmadabad,India,23.31N,72.52E,2002
2002-07-01,29.698,0.569,Ahmadabad,India,23.31N,72.52E,2002
2002-08-01,28.036,0.358,Ahmadabad,India,23.31N,72.52E,2002
2002-09-01,28.558000000000003,0.326,Ahmadabad,India,23.31N,72.52E,2002
2002-10-01,29.506999999999998,0.293,Ahmadabad,India,23.31N,72.52E,2002
2002-11-01,25.436999999999998,0.418,Ahmadabad,India,23.31N,72.52E,2002
2002-12-01,22.485,1.375,Ahmadabad,India,23.31N,72.52E,2002
2003-01-01,21.006,0.745,Ahmadabad,India,23.31N,72.52E,2003
2003-02-01,23.304,0.754,Ahmadabad,India,23.31N,72.52E,2003
2003-03-01,27.331,0.204,Ahmadabad,India,23.31N,72.52E,2003
2003-04-01,31.886999999999997,0.213,Ahmadabad,India,23.31N,72.52E,2003
2003-05-01,33.510999999999996,0.35200000000000004,Ahmadabad,India,23.31N,72.52E,2003
2003-06-01,32.268,0.7509999999999999,Ahmadabad,India,23.31N,72.52E,2003
2003-07-01,28.952,0.82,Ahmadabad,India,23.31N,72.52E,2003
2003-08-01,27.82,0.4970000000000001,Ahmadabad,India,23.31N,72.52E,2003
2003-09-01,28.009,0.454,Ahmadabad,India,23.31N,72.52E,2003
2003-10-01,27.927,0.317,Ahmadabad,India,23.31N,72.52E,2003
2003-11-01,25.656999999999996,0.667,Ahmadabad,India,23.31N,72.52E,2003
2003-12-01,21.174,0.7,Ahmadabad,India,23.31N,72.52E,2003
2004-01-01,20.143,0.314,Ahmadabad,India,23.31N,72.52E,2004
2004-02-01,22.73,0.162,Ahmadabad,India,23.31N,72.52E,2004
2004-03-01,29.174,0.335,Ahmadabad,India,23.31N,72.52E,2004
2004-04-01,32.25,0.233,Ahmadabad,India,23.31N,72.52E,2004
2004-05-01,33.376000000000005,0.27,Ahmadabad,India,23.31N,72.52E,2004
2004-06-01,31.881,0.454,Ahmadabad,India,23.31N,72.52E,2004
2004-07-01,29.769000000000002,0.466,Ahmadabad,India,23.31N,72.52E,2004
2004-08-01,27.586,0.5589999999999999,Ahmadabad,India,23.31N,72.52E,2004
2004-09-01,29.065,0.201,Ahmadabad,India,23.31N,72.52E,2004
2004-10-01,27.168000000000003,0.474,Ahmadabad,India,23.31N,72.52E,2004
2004-11-01,25.943,0.589,Ahmadabad,India,23.31N,72.52E,2004
2004-12-01,22.455,0.327,Ahmadabad,India,23.31N,72.52E,2004
2005-01-01,18.898,0.374,Ahmadabad,India,23.31N,72.52E,2005
2005-02-01,21.815,0.326,Ahmadabad,India,23.31N,72.52E,2005
2005-03-01,27.38,0.329,Ahmadabad,India,23.31N,72.52E,2005
2005-04-01,30.601000000000006,0.35200000000000004,Ahmadabad,India,23.31N,72.52E,2005
2005-05-01,33.25,0.383,Ahmadabad,India,23.31N,72.52E,2005
2005-06-01,32.509,0.272,Ahmadabad,India,23.31N,72.52E,2005
2005-07-01,29.116999999999997,0.374,Ahmadabad,India,23.31N,72.52E,2005
2005-08-01,27.755,0.275,Ahmadabad,India,23.31N,72.52E,2005
2005-09-01,28.18,0.212,Ahmadabad,India,23.31N,72.52E,2005
2005-10-01,27.628,0.454,Ahmadabad,India,23.31N,72.52E,2005
2005-11-01,24.659,0.438,Ahmadabad,India,23.31N,72.52E,2005
2005-12-01,20.145,0.434,Ahmadabad,India,23.31N,72.52E,2005
2006-01-01,20.323,1.165,Ahmadabad,India,23.31N,72.52E,2006
2006-02-01,25.195999999999998,0.513,Ahmadabad,India,23.31N,72.52E,2006
2006-03-01,26.411,0.6629999999999999,Ahmadabad,India,23.31N,72.52E,2006
2006-04-01,30.691999999999997,0.447,Ahmadabad,India,23.31N,72.52E,2006
2006-05-01,33.696999999999996,0.5479999999999999,Ahmadabad,India,23.31N,72.52E,2006
2006-06-01,31.467,0.454,Ahmadabad,India,23.31N,72.52E,2006
2006-07-01,28.675,0.423,Ahmadabad,India,23.31N,72.52E,2006
2006-08-01,26.732,0.467,Ahmadabad,India,23.31N,72.52E,2006
2006-09-01,28.548000000000002,0.271,Ahmadabad,India,23.31N,72.52E,2006
2006-10-01,28.415,0.418,Ahmadabad,India,23.31N,72.52E,2006
2006-11-01,25.325,0.471,Ahmadabad,India,23.31N,72.52E,2006
2006-12-01,21.913,1.163,Ahmadabad,India,23.31N,72.52E,2006
2007-01-01,20.697,1.009,Ahmadabad,India,23.31N,72.52E,2007
2007-02-01,23.644,0.831,Ahmadabad,India,23.31N,72.52E,2007
2007-03-01,27.121,0.138,Ahmadabad,India,23.31N,72.52E,2007
2007-04-01,32.205,0.232,Ahmadabad,India,23.31N,72.52E,2007
2007-05-01,33.748000000000005,0.439,Ahmadabad,India,23.31N,72.52E,2007
2007-06-01,32.306999999999995,0.307,Ahmadabad,India,23.31N,72.52E,2007
2007-07-01,29.124000000000002,0.456,Ahmadabad,India,23.31N,72.52E,2007
2007-08-01,27.979,0.412,Ahmadabad,India,23.31N,72.52E,2007
2007-09-01,28.836,0.377,Ahmadabad,India,23.31N,72.52E,2007
2007-10-01,27.604,0.528,Ahmadabad,India,23.31N,72.52E,2007
2007-11-01,25.621,0.44,Ahmadabad,India,23.31N,72.52E,2007
2007-12-01,21.248,0.431,Ahmadabad,India,23.31N,72.52E,2007
2008-01-01,19.179000000000002,0.313,Ahmadabad,India,23.31N,72.52E,2008
2008-02-01,20.244,0.649,Ahmadabad,India,23.31N,72.52E,2008
2008-03-01,28.023000000000003,0.472,Ahmadabad,India,23.31N,72.52E,2008
2008-04-01,30.921999999999997,0.183,Ahmadabad,India,23.31N,72.52E,2008
2008-05-01,32.85,0.354,Ahmadabad,India,23.31N,72.52E,2008
2008-06-01,31.186,0.5870000000000001,Ahmadabad,India,23.31N,72.52E,2008
2008-07-01,28.985,0.174,Ahmadabad,India,23.31N,72.52E,2008
2008-08-01,27.246,0.315,Ahmadabad,India,23.31N,72.52E,2008
2008-09-01,28.485,0.319,Ahmadabad,India,23.31N,72.52E,2008
2008-10-01,28.694000000000006,0.35600000000000004,Ahmadabad,India,23.31N,72.52E,2008
2008-11-01,25.451999999999998,0.521,Ahmadabad,India,23.31N,72.52E,2008
2008-12-01,23.316,0.484,Ahmadabad,India,23.31N,72.52E,2008
2009-01-01,21.615,0.376,Ahmadabad,India,23.31N,72.52E,2009
2009-02-01,24.194000000000006,0.225,Ahmadabad,India,23.31N,72.52E,2009
2009-03-01,28.64,0.406,Ahmadabad,India,23.31N,72.52E,2009
2009-04-01,31.846999999999998,0.35200000000000004,Ahmadabad,India,23.31N,72.52E,2009
2009-05-01,34.075,0.438,Ahmadabad,India,23.31N,72.52E,2009
2009-06-01,32.957,0.131,Ahmadabad,India,23.31N,72.52E,2009
2009-07-01,29.426,0.304,Ahmadabad,India,23.31N,72.52E,2009
2009-08-01,29.072,0.249,Ahmadabad,India,23.31N,72.52E,2009
2009-09-01,29.36,0.404,Ahmadabad,India,23.31N,72.52E,2009
2009-10-01,28.299,0.416,Ahmadabad,India,23.31N,72.52E,2009
2009-11-01,25.186999999999998,0.6609999999999999,Ahmadabad,India,23.31N,72.52E,2009
2009-12-01,22.478,0.471,Ahmadabad,India,23.31N,72.52E,2009
2010-01-01,20.969,0.362,Ahmadabad,India,23.31N,72.52E,2010
2010-02-01,23.573,0.202,Ahmadabad,India,23.31N,72.52E,2010
2010-03-01,29.593,0.383,Ahmadabad,India,23.31N,72.52E,2010
2010-04-01,33.126000000000005,0.242,Ahmadabad,India,23.31N,72.52E,2010
2010-05-01,35.41900000000001,0.376,Ahmadabad,India,23.31N,72.52E,2010
2010-06-01,33.1,0.518,Ahmadabad,India,23.31N,72.52E,2010
2010-07-01,29.428,0.349,Ahmadabad,India,23.31N,72.52E,2010
2010-08-01,28.225,0.511,Ahmadabad,India,23.31N,72.52E,2010
2010-09-01,28.297,0.544,Ahmadabad,India,23.31N,72.52E,2010
2010-10-01,28.961,0.511,Ahmadabad,India,23.31N,72.52E,2010
2010-11-01,25.34,1.228,Ahmadabad,India,23.31N,72.52E,2010
2010-12-01,20.183,0.8290000000000001,Ahmadabad,India,23.31N,72.52E,2010
2000-01-01,23.673,0.203,Bangalore,India,12.05N,77.26E,2000
2000-02-01,25.351,0.319,Bangalore,India,12.05N,77.26E,2000
2000-03-01,27.238000000000003,0.299,Bangalore,India,12.05N,77.26E,2000
2000-04-01,28.500999999999998,0.3670000000000001,Bangalore,India,12.05N,77.26E,2000
2000-05-01,28.059,0.471,Bangalore,India,12.05N,77.26E,2000
2000-06-01,25.14,0.258,Bangalore,India,12.05N,77.26E,2000
2000-07-01,25.015,0.476,Bangalore,India,12.05N,77.26E,2000
2000-08-01,24.333000000000002,0.305,Bangalore,India,12.05N,77.26E,2000
2000-09-01,25.28,0.239,Bangalore,India,12.05N,77.26E,2000
2000-10-01,24.635,0.275,Bangalore,India,12.05N,77.26E,2000
2000-11-01,24.346999999999998,0.259,Bangalore,India,12.05N,77.26E,2000
2000-12-01,22.483,0.387,Bangalore,India,12.05N,77.26E,2000
2001-01-01,23.56,0.217,Bangalore,India,12.05N,77.26E,2001
2001-02-01,26.108,0.404,Bangalore,India,12.05N,77.26E,2001
2001-03-01,27.767,0.24,Bangalore,India,12.05N,77.26E,2001
2001-04-01,27.794,0.504,Bangalore,India,12.05N,77.26E,2001
2001-05-01,28.209000000000003,0.279,Bangalore,India,12.05N,77.26E,2001
2001-06-01,25.634,0.27,Bangalore,India,12.05N,77.26E,2001
2001-07-01,25.102,0.297,Bangalore,India,12.05N,77.26E,2001
2001-08-01,24.799,0.256,Bangalore,India,12.05N,77.26E,2001
2001-09-01,25.45,0.223,Bangalore,India,12.05N,77.26E,2001
2001-10-01,24.617,0.194,Bangalore,India,12.05N,77.26E,2001
2001-11-01,24.378,0.198,Bangalore,India,12.05N,77.26E,2001
2001-12-01,22.92,0.183,Bangalore,India,12.05N,77.26E,2001
2002-01-01,23.693,0.266,Bangalore,India,12.05N,77.26E,2002
2002-02-01,25.066,0.526,Bangalore,India,12.05N,77.26E,2002
2002-03-01,27.886999999999997,0.241,Bangalore,India,12.05N,77.26E,2002
2002-04-01,29.099,0.331,Bangalore,India,12.05N,77.26E,2002
2002-05-01,28.235000000000007,0.223,Bangalore,India,12.05N,77.26E,2002
2002-06-01,26.006999999999998,0.174,Bangalore,India,12.05N,77.26E,2002
2002-07-01,25.781,0.247,Bangalore,India,12.05N,77.26E,2002
2002-08-01,24.992,0.35700000000000004,Bangalore,India,12.05N,77.26E,2002
2002-09-01,25.869,0.28800000000000003,Bangalore,India,12.05N,77.26E,2002
2002-10-01,25.202,0.309,Bangalore,India,12.05N,77.26E,2002
2002-11-01,24.201999999999998,0.214,Bangalore,India,12.05N,77.26E,2002
2002-12-01,23.031,0.37,Bangalore,India,12.05N,77.26E,2002
2003-01-01,23.671999999999997,0.279,Bangalore,India,12.05N,77.26E,2003
2003-02-01,26.244,0.473,Bangalore,India,12.05N,77.26E,2003
2003-03-01,27.893,0.173,Bangalore,India,12.05N,77.26E,2003
2003-04-01,28.668000000000006,0.339,Bangalore,India,12.05N,77.26E,2003
2003-05-01,28.945999999999998,0.411,Bangalore,India,12.05N,77.26E,2003
2003-06-01,27.045,0.7090000000000001,Bangalore,India,12.05N,77.26E,2003
2003-07-01,25.398000000000003,0.662,Bangalore,India,12.05N,77.26E,2003
2003-08-01,25.198,0.462,Bangalore,India,12.05N,77.26E,2003
2003-09-01,25.691,0.305,Bangalore,India,12.05N,77.26E,2003
2003-10-01,25.116,0.454,Bangalore,India,12.05N,77.26E,2003
2003-11-01,24.158,0.362,Bangalore,India,12.05N,77.26E,2003
2003-12-01,23.068,0.255,Bangalore,India,12.05N,77.26E,2003
2004-01-01,23.564,0.418,Bangalore,India,12.05N,77.26E,2004
2004-02-01,25.21,0.202,Bangalore,India,12.05N,77.26E,2004
2004-03-01,27.987,0.244,Bangalore,India,12.05N,77.26E,2004
2004-04-01,28.815,0.314,Bangalore,India,12.05N,77.26E,2004
2004-05-01,26.068,0.166,Bangalore,India,12.05N,77.26E,2004
2004-06-01,25.484,0.26,Bangalore,India,12.05N,77.26E,2004
2004-07-01,24.906,0.256,Bangalore,India,12.05N,77.26E,2004
2004-08-01,25.042,0.409,Bangalore,India,12.05N,77.26E,2004
2004-09-01,24.814,0.215,Bangalore,India,12.05N,77.26E,2004
2004-10-01,24.428,0.459,Bangalore,India,12.05N,77.26E,2004
2004-11-01,23.759,0.396,Bangalore,India,12.05N,77.26E,2004
2004-12-01,22.948,0.235,Bangalore,India,12.05N,77.26E,2004
2005-01-01,23.971999999999998,0.32,Bangalore,India,12.05N,77.26E,2005
2005-02-01,25.618000000000002,0.249,Bangalore,India,12.05N,77.26E,2005
2005-03-01,27.825,0.35200000000000004,Bangalore,India,12.05N,77.26E,2005
2005-04-01,27.795,0.208,Bangalore,India,12.05N,77.26E,2005
2005-05-01,28.348000000000006,0.217,Bangalore,India,12.05N,77.26E,2005
2005-06-01,26.186999999999998,0.272,Bangalore,India,12.05N,77.26E,2005
2005-07-01,25.047,0.212,Bangalore,India,12.05N,77.26E,2005
2005-08-01,25.148000000000003,0.18600000000000005,Bangalore,India,12.05N,77.26E,2005
2005-09-01,25.031999999999996,0.147,Bangalore,India,12.05N,77.26E,2005
2005-10-01,24.56,0.302,Bangalore,India,12.05N,77.26E,2005
2005-11-01,23.224,0.469,Bangalore,India,12.05N,77.26E,2005
2005-12-01,22.962,0.104,Bangalore,India,12.05N,77.26E,2005
2006-01-01,23.385,0.274,Bangalore,India,12.05N,77.26E,2006
2006-02-01,24.562,0.32299999999999995,Bangalore,India,12.05N,77.26E,2006
2006-03-01,27.239,0.467,Bangalore,India,12.05N,77.26E,2006
2006-04-01,28.479000000000006,0.539,Bangalore,India,12.05N,77.26E,2006
2006-05-01,27.366000000000003,0.31,Bangalore,India,12.05N,77.26E,2006
2006-06-01,25.791,0.227,Bangalore,India,12.05N,77.26E,2006
2006-07-01,25.401,0.212,Bangalore,India,12.05N,77.26E,2006
2006-08-01,25.341,0.236,Bangalore,India,12.05N,77.26E,2006
2006-09-01,25.278000000000002,0.376,Bangalore,India,12.05N,77.26E,2006
2006-10-01,24.968000000000004,0.274,Bangalore,India,12.05N,77.26E,2006
2006-11-01,24.226,0.172,Bangalore,India,12.05N,77.26E,2006
2006-12-01,22.983,0.195,Bangalore,India,12.05N,77.26E,2006
2007-01-01,23.544,0.16399999999999998,Bangalore,India,12.05N,77.26E,2007
2007-02-01,25.144000000000002,0.273,Bangalore,India,12.05N,77.26E,2007
2007-03-01,27.872,0.207,Bangalore,India,12.05N,77.26E,2007
2007-04-01,28.42,0.37,Bangalore,India,12.05N,77.26E,2007
2007-05-01,28.305000000000003,0.508,Bangalore,India,12.05N,77.26E,2007
2007-06-01,25.737,0.343,Bangalore,India,12.05N,77.26E,2007
2007-07-01,24.967,0.377,Bangalore,India,12.05N,77.26E,2007
2007-08-01,24.768,0.403,Bangalore,India,12.05N,77.26E,2007
2007-09-01,24.933000000000003,0.338,Bangalore,India,12.05N,77.26E,2007
2007-10-01,24.94,0.166,Bangalore,India,12.05N,77.26E,2007
2007-11-01,23.916999999999998,0.231,Bangalore,India,12.05N,77.26E,2007
2007-12-01,23.025,0.263,Bangalore,India,12.05N,77.26E,2007
2008-01-01,23.421999999999997,0.378,Bangalore,India,12.05N,77.26E,2008
2008-02-01,25.365,0.238,Bangalore,India,12.05N,77.26E,2008
2008-03-01,26.015,0.423,Bangalore,India,12.05N,77.26E,2008
2008-04-01,27.884,0.228,Bangalore,India,12.05N,77.26E,2008
2008-05-01,28.125999999999998,0.4,Bangalore,India,12.05N,77.26E,2008
2008-06-01,25.764000000000006,0.308,Bangalore,India,12.05N,77.26E,2008
2008-07-01,25.211,0.213,Bangalore,India,12.05N,77.26E,2008
2008-08-01,24.933000000000003,0.195,Bangalore,India,12.05N,77.26E,2008
2008-09-01,25.287,0.19,Bangalore,India,12.05N,77.26E,2008
2008-10-01,24.811,0.266,Bangalore,India,12.05N,77.26E,2008
2008-11-01,24.209,0.297,Bangalore,India,12.05N,77.26E,2008
2008-12-01,23.204,0.293,Bangalore,India,12.05N,77.26E,2008
2009-01-01,23.185,0.29600000000000004,Bangalore,India,12.05N,77.26E,2009
2009-02-01,25.627,0.3720000000000001,Bangalore,India,12.05N,77.26E,2009
2009-03-01,27.573,0.32,Bangalore,India,12.05N,77.26E,2009
2009-04-01,28.769,0.268,Bangalore,India,12.05N,77.26E,2009
2009-05-01,27.906,0.129,Bangalore,India,12.05N,77.26E,2009
2009-06-01,26.276999999999997,0.287,Bangalore,India,12.05N,77.26E,2009
2009-07-01,25.122,0.26,Bangalore,India,12.05N,77.26E,2009
2009-08-01,25.49,0.247,Bangalore,India,12.05N,77.26E,2009
2009-09-01,25.389,0.35,Bangalore,India,12.05N,77.26E,2009
2009-10-01,25.368000000000002,0.23,Bangalore,India,12.05N,77.26E,2009
2009-11-01,24.438000000000002,0.312,Bangalore,India,12.05N,77.26E,2009
2009-12-01,23.565,0.278,Bangalore,India,12.05N,77.26E,2009
2010-01-01,23.816000000000006,0.285,Bangalore,India,12.05N,77.26E,2010
2010-02-01,25.878,0.359,Bangalore,India,12.05N,77.26E,2010
2010-03-01,28.485,0.44,Bangalore,India,12.05N,77.26E,2010
2010-04-01,29.218000000000004,0.237,Bangalore,India,12.05N,77.26E,2010
2010-05-01,28.441000000000006,0.131,Bangalore,India,12.05N,77.26E,2010
2010-06-01,26.123,0.315,Bangalore,India,12.05N,77.26E,2010
2010-07-01,24.832,0.364,Bangalore,India,12.05N,77.26E,2010
2010-08-01,24.766,0.358,Bangalore,India,12.05N,77.26E,2010
2010-09-01,25.204,0.361,Bangalore,India,12.05N,77.26E,2010
2010-10-01,24.96,0.308,Bangalore,India,12.05N,77.26E,2010
2010-11-01,24.021,0.166,Bangalore,India,12.05N,77.26E,2010
2010-12-01,22.719,0.28,Bangalore,India,12.05N,77.26E,2010
2000-01-01,25.599,0.362,Bombay,India,18.48N,72.68E,2000
2000-02-01,24.076,0.5820000000000001,Bombay,India,18.48N,72.68E,2000
2000-03-01,25.489,0.507,Bombay,India,18.48N,72.68E,2000
2000-04-01,28.188,0.371,Bombay,India,18.48N,72.68E,2000
2000-05-01,28.860000000000007,0.341,Bombay,India,18.48N,72.68E,2000
2000-06-01,28.342,0.326,Bombay,India,18.48N,72.68E,2000
2000-07-01,27.188000000000002,0.277,Bombay,India,18.48N,72.68E,2000
2000-08-01,27.461,0.412,Bombay,India,18.48N,72.68E,2000
2000-09-01,27.997,0.215,Bombay,India,18.48N,72.68E,2000
2000-10-01,28.82,0.406,Bombay,India,18.48N,72.68E,2000
2000-11-01,28.265,0.448,Bombay,India,18.48N,72.68E,2000
2000-12-01,26.159000000000002,0.698,Bombay,India,18.48N,72.68E,2000
2001-01-01,24.912000000000006,0.471,Bombay,India,18.48N,72.68E,2001
2001-02-01,24.375,0.527,Bombay,India,18.48N,72.68E,2001
2001-03-01,25.555,0.557,Bombay,India,18.48N,72.68E,2001
2001-04-01,27.918000000000003,0.318,Bombay,India,18.48N,72.68E,2001
2001-05-01,29.255000000000006,0.361,Bombay,India,18.48N,72.68E,2001
2001-06-01,28.288,0.417,Bombay,India,18.48N,72.68E,2001
2001-07-01,27.211,0.313,Bombay,India,18.48N,72.68E,2001
2001-08-01,27.265,0.277,Bombay,India,18.48N,72.68E,2001
2001-09-01,28.02,0.305,Bombay,India,18.48N,72.68E,2001
2001-10-01,28.558000000000003,0.28600000000000003,Bombay,India,18.48N,72.68E,2001
2001-11-01,28.595,0.505,Bombay,India,18.48N,72.68E,2001
2001-12-01,26.971999999999998,0.243,Bombay,India,18.48N,72.68E,2001
2002-01-01,24.605,0.532,Bombay,India,18.48N,72.68E,2002
2002-02-01,25.46,0.378,Bombay,India,18.48N,72.68E,2002
2002-03-01,26.802,0.333,Bombay,India,18.48N,72.68E,2002
2002-04-01,28.526,0.38,Bombay,India,18.48N,72.68E,2002
2002-05-01,30.101999999999997,0.606,Bombay,India,18.48N,72.68E,2002
2002-06-01,28.511999999999997,0.422,Bombay,India,18.48N,72.68E,2002
2002-07-01,28.483,0.39,Bombay,India,18.48N,72.68E,2002
2002-08-01,26.876,0.262,Bombay,India,18.48N,72.68E,2002
2002-09-01,27.784000000000002,0.624,Bombay,India,18.48N,72.68E,2002
2002-10-01,29.325,0.471,Bombay,India,18.48N,72.68E,2002
2002-11-01,28.426,0.395,Bombay,India,18.48N,72.68E,2002
2002-12-01,26.643,0.55,Bombay,India,18.48N,72.68E,2002
2003-01-01,25.877,0.34,Bombay,India,18.48N,72.68E,2003
2003-02-01,25.688000000000002,0.327,Bombay,India,18.48N,72.68E,2003
2003-03-01,26.58,0.342,Bombay,India,18.48N,72.68E,2003
2003-04-01,28.113000000000003,0.494,Bombay,India,18.48N,72.68E,2003
2003-05-01,29.656999999999996,0.4320000000000001,Bombay,India,18.48N,72.68E,2003
2003-06-01,28.691999999999997,0.375,Bombay,India,18.48N,72.68E,2003
2003-07-01,27.688000000000002,0.355,Bombay,India,18.48N,72.68E,2003
2003-08-01,27.551,0.321,Bombay,India,18.48N,72.68E,2003
2003-09-01,27.523000000000003,0.324,Bombay,India,18.48N,72.68E,2003
2003-10-01,28.915,0.428,Bombay,India,18.48N,72.68E,2003
2003-11-01,28.787,0.327,Bombay,India,18.48N,72.68E,2003
2003-12-01,25.87,0.884,Bombay,India,18.48N,72.68E,2003
2004-01-01,24.406,0.826,Bombay,India,18.48N,72.68E,2004
2004-02-01,24.866999999999997,0.816,Bombay,India,18.48N,72.68E,2004
2004-03-01,27.441,0.396,Bombay,India,18.48N,72.68E,2004
2004-04-01,27.998,0.391,Bombay,India,18.48N,72.68E,2004
2004-05-01,29.498,0.457,Bombay,India,18.48N,72.68E,2004
2004-06-01,28.333,0.37,Bombay,India,18.48N,72.68E,2004
2004-07-01,27.505,0.285,Bombay,India,18.48N,72.68E,2004
2004-08-01,26.875,0.277,Bombay,India,18.48N,72.68E,2004
2004-09-01,27.612,0.314,Bombay,India,18.48N,72.68E,2004
2004-10-01,27.983,0.696,Bombay,India,18.48N,72.68E,2004
2004-11-01,28.712,0.528,Bombay,India,18.48N,72.68E,2004
2004-12-01,26.595,0.28,Bombay,India,18.48N,72.68E,2004
2005-01-01,24.447000000000006,0.5770000000000001,Bombay,India,18.48N,72.68E,2005
2005-02-01,24.706999999999997,0.885,Bombay,India,18.48N,72.68E,2005
2005-03-01,25.961,0.294,Bombay,India,18.48N,72.68E,2005
2005-04-01,28.128,0.212,Bombay,India,18.48N,72.68E,2005
2005-05-01,29.409,0.174,Bombay,India,18.48N,72.68E,2005
2005-06-01,29.041999999999998,0.311,Bombay,India,18.48N,72.68E,2005
2005-07-01,27.677,0.27,Bombay,India,18.48N,72.68E,2005
2005-08-01,26.98,0.221,Bombay,India,18.48N,72.68E,2005
2005-09-01,27.015,0.252,Bombay,India,18.48N,72.68E,2005
2005-10-01,28.06,0.222,Bombay,India,18.48N,72.68E,2005
2005-11-01,27.337,0.501,Bombay,India,18.48N,72.68E,2005
2005-12-01,25.666,0.13699999999999998,Bombay,India,18.48N,72.68E,2005
2006-01-01,25.09,0.271,Bombay,India,18.48N,72.68E,2006
2006-02-01,26.188000000000002,0.231,Bombay,India,18.48N,72.68E,2006
2006-03-01,26.133000000000003,0.324,Bombay,India,18.48N,72.68E,2006
2006-04-01,27.467,0.371,Bombay,India,18.48N,72.68E,2006
2006-05-01,29.351999999999997,0.494,Bombay,India,18.48N,72.68E,2006
2006-06-01,28.426,0.363,Bombay,India,18.48N,72.68E,2006
2006-07-01,27.28,0.358,Bombay,India,18.48N,72.68E,2006
2006-08-01,26.671,0.334,Bombay,India,18.48N,72.68E,2006
2006-09-01,27.629,0.384,Bombay,India,18.48N,72.68E,2006
2006-10-01,28.945,0.417,Bombay,India,18.48N,72.68E,2006
2006-11-01,28.643,0.254,Bombay,India,18.48N,72.68E,2006
2006-12-01,26.754,0.246,Bombay,India,18.48N,72.68E,2006
2007-01-01,25.55,0.17800000000000002,Bombay,India,18.48N,72.68E,2007
2007-02-01,25.333000000000002,0.285,Bombay,India,18.48N,72.68E,2007
2007-03-01,26.871,0.282,Bombay,India,18.48N,72.68E,2007
2007-04-01,28.491999999999997,0.269,Bombay,India,18.48N,72.68E,2007
2007-05-01,29.853,0.238,Bombay,India,18.48N,72.68E,2007
2007-06-01,28.843000000000004,0.244,Bombay,India,18.48N,72.68E,2007
2007-07-01,27.93,0.256,Bombay,India,18.48N,72.68E,2007
2007-08-01,27.372,0.187,Bombay,India,18.48N,72.68E,2007
2007-09-01,27.63,0.252,Bombay,India,18.48N,72.68E,2007
2007-10-01,28.747,0.457,Bombay,India,18.48N,72.68E,2007
2007-11-01,28.183000000000003,0.376,Bombay,India,18.48N,72.68E,2007
2007-12-01,26.811999999999998,0.391,Bombay,India,18.48N,72.68E,2007
2008-01-01,24.271,0.473,Bombay,India,18.48N,72.68E,2008
2008-02-01,23.495,0.62,Bombay,India,18.48N,72.68E,2008
2008-03-01,26.441999999999997,0.544,Bombay,India,18.48N,72.68E,2008
2008-04-01,27.982,0.355,Bombay,India,18.48N,72.68E,2008
2008-05-01,29.540000000000006,0.28300000000000003,Bombay,India,18.48N,72.68E,2008
2008-06-01,28.223000000000006,0.36,Bombay,India,18.48N,72.68E,2008
2008-07-01,27.554000000000002,0.379,Bombay,India,18.48N,72.68E,2008
2008-08-01,26.831,0.383,Bombay,India,18.48N,72.68E,2008
2008-09-01,27.193,0.255,Bombay,India,18.48N,72.68E,2008
2008-10-01,28.655,0.431,Bombay,India,18.48N,72.68E,2008
2008-11-01,28.511999999999997,0.6459999999999999,Bombay,India,18.48N,72.68E,2008
2008-12-01,27.435,0.495,Bombay,India,18.48N,72.68E,2008
2009-01-01,25.783,0.207,Bombay,India,18.48N,72.68E,2009
2009-02-01,25.766,0.674,Bombay,India,18.48N,72.68E,2009
2009-03-01,27.193,0.603,Bombay,India,18.48N,72.68E,2009
2009-04-01,28.936,0.5529999999999999,Bombay,India,18.48N,72.68E,2009
2009-05-01,29.735000000000007,0.173,Bombay,India,18.48N,72.68E,2009
2009-06-01,29.548,0.46,Bombay,India,18.48N,72.68E,2009
2009-07-01,27.385,0.231,Bombay,India,18.48N,72.68E,2009
2009-08-01,27.852,0.282,Bombay,India,18.48N,72.68E,2009
2009-09-01,28.173000000000002,0.166,Bombay,India,18.48N,72.68E,2009
2009-10-01,28.396,0.28600000000000003,Bombay,India,18.48N,72.68E,2009
2009-11-01,28.324,0.242,Bombay,India,18.48N,72.68E,2009
2009-12-01,27.043000000000003,0.227,Bombay,India,18.48N,72.68E,2009
2010-01-01,26.12,0.491,Bombay,India,18.48N,72.68E,2010
2010-02-01,25.615,0.411,Bombay,India,18.48N,72.68E,2010
2010-03-01,27.362,0.48,Bombay,India,18.48N,72.68E,2010
2010-04-01,29.178,0.298,Bombay,India,18.48N,72.68E,2010
2010-05-01,30.682,0.28,Bombay,India,18.48N,72.68E,2010
2010-06-01,28.881,0.184,Bombay,India,18.48N,72.68E,2010
2010-07-01,27.364,0.258,Bombay,India,18.48N,72.68E,2010
2010-08-01,27.279,0.213,Bombay,India,18.48N,72.68E,2010
2010-09-01,27.587,0.441,Bombay,India,18.48N,72.68E,2010
2010-10-01,28.774,0.249,Bombay,India,18.48N,72.68E,2010
2010-11-01,28.883000000000003,0.35200000000000004,Bombay,India,18.48N,72.68E,2010
2010-12-01,25.46,0.276,Bombay,India,18.48N,72.68E,2010
2000-01-01,19.195999999999998,0.233,Calcutta,India,23.31N,88.25E,2000
2000-02-01,21.275,0.163,Calcutta,India,23.31N,88.25E,2000
2000-03-01,26.881,0.299,Calcutta,India,23.31N,88.25E,2000
2000-04-01,30.165,0.114,Calcutta,India,23.31N,88.25E,2000
2000-05-01,30.245,0.315,Calcutta,India,23.31N,88.25E,2000
2000-06-01,29.861,0.29100000000000004,Calcutta,India,23.31N,88.25E,2000
2000-07-01,29.32,0.305,Calcutta,India,23.31N,88.25E,2000
2000-08-01,29.694000000000003,0.336,Calcutta,India,23.31N,88.25E,2000
2000-09-01,28.846,0.238,Calcutta,India,23.31N,88.25E,2000
2000-10-01,28.017,0.198,Calcutta,India,23.31N,88.25E,2000
2000-11-01,24.668000000000003,0.194,Calcutta,India,23.31N,88.25E,2000
2000-12-01,19.727999999999998,0.139,Calcutta,India,23.31N,88.25E,2000
2001-01-01,18.22,0.235,Calcutta,India,23.31N,88.25E,2001
2001-02-01,22.654,0.379,Calcutta,India,23.31N,88.25E,2001
2001-03-01,26.858,0.35,Calcutta,India,23.31N,88.25E,2001
2001-04-01,30.191999999999997,0.253,Calcutta,India,23.31N,88.25E,2001
2001-05-01,30.142,0.191,Calcutta,India,23.31N,88.25E,2001
2001-06-01,28.899,0.172,Calcutta,India,23.31N,88.25E,2001
2001-07-01,28.989,0.236,Calcutta,India,23.31N,88.25E,2001
2001-08-01,29.773000000000003,0.18600000000000005,Calcutta,India,23.31N,88.25E,2001
2001-09-01,29.6,0.269,Calcutta,India,23.31N,88.25E,2001
2001-10-01,27.925,0.309,Calcutta,India,23.31N,88.25E,2001
2001-11-01,25.146,0.597,Calcutta,India,23.31N,88.25E,2001
2001-12-01,19.784,0.396,Calcutta,India,23.31N,88.25E,2001
2002-01-01,19.676,0.229,Calcutta,India,23.31N,88.25E,2002
2002-02-01,22.625,0.272,Calcutta,India,23.31N,88.25E,2002
2002-03-01,27.406,0.563,Calcutta,India,23.31N,88.25E,2002
2002-04-01,29.798000000000002,0.453,Calcutta,India,23.31N,88.25E,2002
2002-05-01,30.845,0.359,Calcutta,India,23.31N,88.25E,2002
2002-06-01,30.001,0.17600000000000002,Calcutta,India,23.31N,88.25E,2002
2002-07-01,29.971999999999998,0.55,Calcutta,India,23.31N,88.25E,2002
2002-08-01,29.083000000000002,0.285,Calcutta,India,23.31N,88.25E,2002
2002-09-01,28.866,0.185,Calcutta,India,23.31N,88.25E,2002
2002-10-01,27.616,0.508,Calcutta,India,23.31N,88.25E,2002
2002-11-01,24.046,0.618,Calcutta,India,23.31N,88.25E,2002
2002-12-01,20.513,0.374,Calcutta,India,23.31N,88.25E,2002
2003-01-01,17.813000000000006,0.736,Calcutta,India,23.31N,88.25E,2003
2003-02-01,23.065,0.667,Calcutta,India,23.31N,88.25E,2003
2003-03-01,26.173,0.362,Calcutta,India,23.31N,88.25E,2003
2003-04-01,30.571,0.598,Calcutta,India,23.31N,88.25E,2003
2003-05-01,31.34,0.244,Calcutta,India,23.31N,88.25E,2003
2003-06-01,30.086,0.219,Calcutta,India,23.31N,88.25E,2003
2003-07-01,29.425,0.193,Calcutta,India,23.31N,88.25E,2003
2003-08-01,29.629,0.259,Calcutta,India,23.31N,88.25E,2003
2003-09-01,29.223000000000003,0.336,Calcutta,India,23.31N,88.25E,2003
2003-10-01,27.536,0.416,Calcutta,India,23.31N,88.25E,2003
2003-11-01,23.92,0.4320000000000001,Calcutta,India,23.31N,88.25E,2003
2003-12-01,19.955,0.425,Calcutta,India,23.31N,88.25E,2003
2004-01-01,18.660999999999998,0.51,Calcutta,India,23.31N,88.25E,2004
2004-02-01,22.416,0.381,Calcutta,India,23.31N,88.25E,2004
2004-03-01,28.451999999999998,0.225,Calcutta,India,23.31N,88.25E,2004
2004-04-01,29.587,0.5820000000000001,Calcutta,India,23.31N,88.25E,2004
2004-05-01,32.045,0.302,Calcutta,India,23.31N,88.25E,2004
2004-06-01,30.153000000000002,0.391,Calcutta,India,23.31N,88.25E,2004
2004-07-01,29.123,0.459,Calcutta,India,23.31N,88.25E,2004
2004-08-01,29.399,0.634,Calcutta,India,23.31N,88.25E,2004
2004-09-01,28.883000000000003,0.121,Calcutta,India,23.31N,88.25E,2004
2004-10-01,26.72,0.436,Calcutta,India,23.31N,88.25E,2004
2004-11-01,23.552,0.321,Calcutta,India,23.31N,88.25E,2004
2004-12-01,20.621,0.313,Calcutta,India,23.31N,88.25E,2004
2005-01-01,19.340999999999998,0.398,Calcutta,India,23.31N,88.25E,2005
2005-02-01,23.576,0.17600000000000002,Calcutta,India,23.31N,88.25E,2005
2005-03-01,27.695,0.493,Calcutta,India,23.31N,88.25E,2005
2005-04-01,30.152,0.373,Calcutta,India,23.31N,88.25E,2005
2005-05-01,31.061999999999998,0.229,Calcutta,India,23.31N,88.25E,2005
2005-06-01,31.595,0.442,Calcutta,India,23.31N,88.25E,2005
2005-07-01,28.833000000000002,0.329,Calcutta,India,23.31N,88.25E,2005
2005-08-01,29.485,0.36,Calcutta,India,23.31N,88.25E,2005
2005-09-01,29.398000000000003,0.47,Calcutta,India,23.31N,88.25E,2005
2005-10-01,26.943,0.244,Calcutta,India,23.31N,88.25E,2005
2005-11-01,22.916,0.341,Calcutta,India,23.31N,88.25E,2005
2005-12-01,19.754,0.234,Calcutta,India,23.31N,88.25E,2005
2006-01-01,19.269,0.307,Calcutta,India,23.31N,88.25E,2006
2006-02-01,24.98,0.319,Calcutta,India,23.31N,88.25E,2006
2006-03-01,27.601999999999997,0.331,Calcutta,India,23.31N,88.25E,2006
2006-04-01,30.323,0.255,Calcutta,India,23.31N,88.25E,2006
2006-05-01,30.761999999999997,0.202,Calcutta,India,23.31N,88.25E,2006
2006-06-01,30.101,0.267,Calcutta,India,23.31N,88.25E,2006
2006-07-01,29.523000000000003,0.457,Calcutta,India,23.31N,88.25E,2006
2006-08-01,29.163,0.309,Calcutta,India,23.31N,88.25E,2006
2006-09-01,29.391,0.271,Calcutta,India,23.31N,88.25E,2006
2006-10-01,28.04,0.34600000000000003,Calcutta,India,23.31N,88.25E,2006
2006-11-01,24.175,0.284,Calcutta,India,23.31N,88.25E,2006
2006-12-01,20.506,0.5379999999999999,Calcutta,India,23.31N,88.25E,2006
2007-01-01,18.959000000000003,0.29100000000000004,Calcutta,India,23.31N,88.25E,2007
2007-02-01,22.06,0.244,Calcutta,India,23.31N,88.25E,2007
2007-03-01,26.415000000000006,0.209,Calcutta,India,23.31N,88.25E,2007
2007-04-01,30.511,0.22,Calcutta,India,23.31N,88.25E,2007
2007-05-01,31.381,0.29100000000000004,Calcutta,India,23.31N,88.25E,2007
2007-06-01,30.287,0.251,Calcutta,India,23.31N,88.25E,2007
2007-07-01,29.042,0.318,Calcutta,India,23.31N,88.25E,2007
2007-08-01,29.887,0.388,Calcutta,India,23.31N,88.25E,2007
2007-09-01,29.111,0.278,Calcutta,India,23.31N,88.25E,2007
2007-10-01,27.527,0.199,Calcutta,India,23.31N,88.25E,2007
2007-11-01,24.253,0.324,Calcutta,India,23.31N,88.25E,2007
2007-12-01,19.582,0.312,Calcutta,India,23.31N,88.25E,2007
2008-01-01,19.065,0.337,Calcutta,India,23.31N,88.25E,2008
2008-02-01,20.805,0.205,Calcutta,India,23.31N,88.25E,2008
2008-03-01,27.880000000000006,0.336,Calcutta,India,23.31N,88.25E,2008
2008-04-01,30.538,0.344,Calcutta,India,23.31N,88.25E,2008
2008-05-01,31.134,0.235,Calcutta,India,23.31N,88.25E,2008
2008-06-01,29.111,0.221,Calcutta,India,23.31N,88.25E,2008
2008-07-01,28.851999999999997,0.299,Calcutta,India,23.31N,88.25E,2008
2008-08-01,29.284000000000002,0.263,Calcutta,India,23.31N,88.25E,2008
2008-09-01,29.087,0.252,Calcutta,India,23.31N,88.25E,2008
2008-10-01,27.422,0.264,Calcutta,India,23.31N,88.25E,2008
2008-11-01,24.226999999999997,0.272,Calcutta,India,23.31N,88.25E,2008
2008-12-01,20.863000000000003,0.198,Calcutta,India,23.31N,88.25E,2008
2009-01-01,20.430999999999997,0.361,Calcutta,India,23.31N,88.25E,2009
2009-02-01,23.564,0.16699999999999998,Calcutta,India,23.31N,88.25E,2009
2009-03-01,27.711,0.203,Calcutta,India,23.31N,88.25E,2009
2009-04-01,31.778000000000002,0.381,Calcutta,India,23.31N,88.25E,2009
2009-05-01,30.585,0.285,Calcutta,India,23.31N,88.25E,2009
2009-06-01,31.665,0.353,Calcutta,India,23.31N,88.25E,2009
2009-07-01,29.575,0.498,Calcutta,India,23.31N,88.25E,2009
2009-08-01,29.533,0.338,Calcutta,India,23.31N,88.25E,2009
2009-09-01,29.626,0.275,Calcutta,India,23.31N,88.25E,2009
2009-10-01,27.273000000000003,0.251,Calcutta,India,23.31N,88.25E,2009
2009-11-01,24.281,0.226,Calcutta,India,23.31N,88.25E,2009
2009-12-01,19.817,0.194,Calcutta,India,23.31N,88.25E,2009
2010-01-01,17.503,0.436,Calcutta,India,23.31N,88.25E,2010
2010-02-01,22.959,0.105,Calcutta,India,23.31N,88.25E,2010
2010-03-01,29.451,0.303,Calcutta,India,23.31N,88.25E,2010
2010-04-01,32.318000000000005,0.417,Calcutta,India,23.31N,88.25E,2010
2010-05-01,31.308000000000003,0.202,Calcutta,India,23.31N,88.25E,2010
2010-06-01,31.075,0.397,Calcutta,India,23.31N,88.25E,2010
2010-07-01,29.979,0.421,Calcutta,India,23.31N,88.25E,2010
2010-08-01,30.226,0.379,Calcutta,India,23.31N,88.25E,2010
2010-09-01,29.536,0.18600000000000005,Calcutta,India,23.31N,88.25E,2010
2010-10-01,28.071,0.223,Calcutta,India,23.31N,88.25E,2010
2010-11-01,25.436999999999998,0.268,Calcutta,India,23.31N,88.25E,2010
2010-12-01,19.602999999999998,0.21600000000000005,Calcutta,India,23.31N,88.25E,2010
2000-01-01,15.201,0.512,Delhi,India,28.13N,77.27E,2000
2000-02-01,16.387999999999998,0.385,Delhi,India,28.13N,77.27E,2000
2000-03-01,22.921,0.31,Delhi,India,28.13N,77.27E,2000
2000-04-01,31.266,0.3670000000000001,Delhi,India,28.13N,77.27E,2000
2000-05-01,34.524,0.892,Delhi,India,28.13N,77.27E,2000
2000-06-01,33.074000000000005,0.317,Delhi,India,28.13N,77.27E,2000
2000-07-01,30.925,0.43,Delhi,India,28.13N,77.27E,2000
2000-08-01,30.687,0.27,Delhi,India,28.13N,77.27E,2000
2000-09-01,30.083000000000002,0.345,Delhi,India,28.13N,77.27E,2000
2000-10-01,28.164,0.237,Delhi,India,28.13N,77.27E,2000
2000-11-01,22.445,0.451,Delhi,India,28.13N,77.27E,2000
2000-12-01,16.902,0.254,Delhi,India,28.13N,77.27E,2000
2001-01-01,14.197000000000001,0.329,Delhi,India,28.13N,77.27E,2001
2001-02-01,18.882,0.612,Delhi,India,28.13N,77.27E,2001
2001-03-01,23.918000000000003,0.565,Delhi,India,28.13N,77.27E,2001
2001-04-01,29.155,0.268,Delhi,India,28.13N,77.27E,2001
2001-05-01,33.541000000000004,0.229,Delhi,India,28.13N,77.27E,2001
2001-06-01,31.870000000000005,0.342,Delhi,India,28.13N,77.27E,2001
2001-07-01,30.888,0.584,Delhi,India,28.13N,77.27E,2001
2001-08-01,30.832,0.198,Delhi,India,28.13N,77.27E,2001
2001-09-01,30.92,0.332,Delhi,India,28.13N,77.27E,2001
2001-10-01,27.686999999999998,0.222,Delhi,India,28.13N,77.27E,2001
2001-11-01,21.805999999999997,0.257,Delhi,India,28.13N,77.27E,2001
2001-12-01,16.659000000000002,0.672,Delhi,India,28.13N,77.27E,2001
2002-01-01,14.73,0.489,Delhi,India,28.13N,77.27E,2002
2002-02-01,17.741999999999994,0.361,Delhi,India,28.13N,77.27E,2002
2002-03-01,24.459,0.219,Delhi,India,28.13N,77.27E,2002
2002-04-01,30.945,0.412,Delhi,India,28.13N,77.27E,2002
2002-05-01,35.23600000000001,0.336,Delhi,India,28.13N,77.27E,2002
2002-06-01,34.728,0.443,Delhi,India,28.13N,77.27E,2002
2002-07-01,34.672,0.77,Delhi,India,28.13N,77.27E,2002
2002-08-01,31.075,0.211,Delhi,India,28.13N,77.27E,2002
2002-09-01,29.175,0.821,Delhi,India,28.13N,77.27E,2002
2002-10-01,27.633000000000003,0.46,Delhi,India,28.13N,77.27E,2002
2002-11-01,21.886000000000006,0.353,Delhi,India,28.13N,77.27E,2002
2002-12-01,17.331,0.532,Delhi,India,28.13N,77.27E,2002
2003-01-01,13.42,1.025,Delhi,India,28.13N,77.27E,2003
2003-02-01,18.199,0.5710000000000001,Delhi,India,28.13N,77.27E,2003
2003-03-01,23.682,0.574,Delhi,India,28.13N,77.27E,2003
2003-04-01,30.752,0.3720000000000001,Delhi,India,28.13N,77.27E,2003
2003-05-01,34.075,0.4320000000000001,Delhi,India,28.13N,77.27E,2003
2003-06-01,35.325,0.517,Delhi,India,28.13N,77.27E,2003
2003-07-01,30.653000000000002,0.584,Delhi,India,28.13N,77.27E,2003
2003-08-01,30.252,0.45,Delhi,India,28.13N,77.27E,2003
2003-09-01,29.166,0.398,Delhi,India,28.13N,77.27E,2003
2003-10-01,26.345,0.326,Delhi,India,28.13N,77.27E,2003
2003-11-01,20.962000000000003,0.379,Delhi,India,28.13N,77.27E,2003
2003-12-01,15.822000000000001,0.537,Delhi,India,28.13N,77.27E,2003
2004-01-01,14.199000000000002,0.392,Delhi,India,28.13N,77.27E,2004
2004-02-01,18.737000000000002,0.483,Delhi,India,28.13N,77.27E,2004
2004-03-01,26.432,0.254,Delhi,India,28.13N,77.27E,2004
2004-04-01,31.433000000000003,0.238,Delhi,India,28.13N,77.27E,2004
2004-05-01,33.999,0.29,Delhi,India,28.13N,77.27E,2004
2004-06-01,33.016999999999996,0.241,Delhi,India,28.13N,77.27E,2004
2004-07-01,32.816,0.7290000000000001,Delhi,India,28.13N,77.27E,2004
2004-08-01,29.993000000000002,0.229,Delhi,India,28.13N,77.27E,2004
2004-09-01,30.534000000000002,0.222,Delhi,India,28.13N,77.27E,2004
2004-10-01,25.6,0.305,Delhi,India,28.13N,77.27E,2004
2004-11-01,21.421999999999997,0.28,Delhi,India,28.13N,77.27E,2004
2004-12-01,16.697,0.397,Delhi,India,28.13N,77.27E,2004
2005-01-01,14.383,0.395,Delhi,India,28.13N,77.27E,2005
2005-02-01,17.669,0.331,Delhi,India,28.13N,77.27E,2005
2005-03-01,24.469,0.355,Delhi,India,28.13N,77.27E,2005
2005-04-01,29.322,0.511,Delhi,India,28.13N,77.27E,2005
2005-05-01,32.998000000000005,1.098,Delhi,India,28.13N,77.27E,2005
2005-06-01,35.2,0.273,Delhi,India,28.13N,77.27E,2005
2005-07-01,30.544,0.398,Delhi,India,28.13N,77.27E,2005
2005-08-01,31.364,0.462,Delhi,India,28.13N,77.27E,2005
2005-09-01,29.675,0.192,Delhi,India,28.13N,77.27E,2005
2005-10-01,26.409000000000002,0.536,Delhi,India,28.13N,77.27E,2005
2005-11-01,21.200000000000006,0.331,Delhi,India,28.13N,77.27E,2005
2005-12-01,15.36,0.224,Delhi,India,28.13N,77.27E,2005
2006-01-01,15.594000000000001,0.433,Delhi,India,28.13N,77.27E,2006
2006-02-01,22.174,0.6920000000000001,Delhi,India,28.13N,77.27E,2006
2006-03-01,23.271,0.3720000000000001,Delhi,India,28.13N,77.27E,2006
2006-04-01,30.364,0.7859999999999999,Delhi,India,28.13N,77.27E,2006
2006-05-01,34.188,0.4970000000000001,Delhi,India,28.13N,77.27E,2006
2006-06-01,32.943000000000005,0.8270000000000001,Delhi,India,28.13N,77.27E,2006
2006-07-01,31.412,0.36,Delhi,India,28.13N,77.27E,2006
2006-08-01,30.507,0.585,Delhi,India,28.13N,77.27E,2006
2006-09-01,30.051,0.275,Delhi,India,28.13N,77.27E,2006
2006-10-01,27.5,0.355,Delhi,India,28.13N,77.27E,2006
2006-11-01,21.846,0.525,Delhi,India,28.13N,77.27E,2006
2006-12-01,16.541,0.196,Delhi,India,28.13N,77.27E,2006
2007-01-01,15.12,0.129,Delhi,India,28.13N,77.27E,2007
2007-02-01,18.382,1.132,Delhi,India,28.13N,77.27E,2007
2007-03-01,22.863000000000003,0.499,Delhi,India,28.13N,77.27E,2007
2007-04-01,31.331,0.524,Delhi,India,28.13N,77.27E,2007
2007-05-01,33.907000000000004,0.5720000000000001,Delhi,India,28.13N,77.27E,2007
2007-06-01,34.446000000000005,0.355,Delhi,India,28.13N,77.27E,2007
2007-07-01,31.745,0.884,Delhi,India,28.13N,77.27E,2007
2007-08-01,30.95,0.7929999999999999,Delhi,India,28.13N,77.27E,2007
2007-09-01,30.266,0.6709999999999999,Delhi,India,28.13N,77.27E,2007
2007-10-01,26.886,0.33,Delhi,India,28.13N,77.27E,2007
2007-11-01,21.927000000000003,0.197,Delhi,India,28.13N,77.27E,2007
2007-12-01,15.925,0.276,Delhi,India,28.13N,77.27E,2007
2008-01-01,14.534,0.156,Delhi,India,28.13N,77.27E,2008
2008-02-01,16.808999999999994,0.253,Delhi,India,28.13N,77.27E,2008
2008-03-01,25.979,0.348,Delhi,India,28.13N,77.27E,2008
2008-04-01,29.609,1.075,Delhi,India,28.13N,77.27E,2008
2008-05-01,32.313,0.542,Delhi,India,28.13N,77.27E,2008
2008-06-01,31.151000000000003,0.397,Delhi,India,28.13N,77.27E,2008
2008-07-01,30.918000000000003,0.217,Delhi,India,28.13N,77.27E,2008
2008-08-01,29.868000000000002,0.27,Delhi,India,28.13N,77.27E,2008
2008-09-01,29.513,0.364,Delhi,India,28.13N,77.27E,2008
2008-10-01,27.791999999999998,0.81,Delhi,India,28.13N,77.27E,2008
2008-11-01,21.769,0.53,Delhi,India,28.13N,77.27E,2008
2008-12-01,17.845,0.157,Delhi,India,28.13N,77.27E,2008
2009-01-01,16.096,0.253,Delhi,India,28.13N,77.27E,2009
2009-02-01,19.479,0.366,Delhi,India,28.13N,77.27E,2009
2009-03-01,24.655,0.416,Delhi,India,28.13N,77.27E,2009
2009-04-01,30.182,0.429,Delhi,India,28.13N,77.27E,2009
2009-05-01,34.067,0.472,Delhi,India,28.13N,77.27E,2009
2009-06-01,35.543,0.527,Delhi,India,28.13N,77.27E,2009
2009-07-01,32.271,0.274,Delhi,India,28.13N,77.27E,2009
2009-08-01,31.519000000000002,0.387,Delhi,India,28.13N,77.27E,2009
2009-09-01,30.154,0.292,Delhi,India,28.13N,77.27E,2009
2009-10-01,26.6,0.417,Delhi,India,28.13N,77.27E,2009
2009-11-01,21.214,0.293,Delhi,India,28.13N,77.27E,2009
2009-12-01,16.871,0.338,Delhi,India,28.13N,77.27E,2009
2010-01-01,14.014000000000001,0.493,Delhi,India,28.13N,77.27E,2010
2010-02-01,19.178,0.368,Delhi,India,28.13N,77.27E,2010
2010-03-01,26.953000000000003,0.238,Delhi,India,28.13N,77.27E,2010
2010-04-01,32.809,0.358,Delhi,India,28.13N,77.27E,2010
2010-05-01,35.61,0.321,Delhi,India,28.13N,77.27E,2010
2010-06-01,35.165,0.285,Delhi,India,28.13N,77.27E,2010
2010-07-01,31.465,0.439,Delhi,India,28.13N,77.27E,2010
2010-08-01,30.031,0.655,Delhi,India,28.13N,77.27E,2010
2010-09-01,28.612,0.733,Delhi,India,28.13N,77.27E,2010
2010-10-01,27.256,0.475,Delhi,India,28.13N,77.27E,2010
2010-11-01,21.756999999999998,0.314,Delhi,India,28.13N,77.27E,2010
2010-12-01,15.393,0.6509999999999999,Delhi,India,28.13N,77.27E,2010
2000-01-01,23.779,0.252,Hyderabad,India,16.87N,78.70E,2000
2000-02-01,25.826,0.315,Hyderabad,India,16.87N,78.70E,2000
2000-03-01,28.821,0.453,Hyderabad,India,16.87N,78.70E,2000
2000-04-01,32.698,0.33,Hyderabad,India,16.87N,78.70E,2000
2000-05-01,32.438,0.277,Hyderabad,India,16.87N,78.70E,2000
2000-06-01,28.422,0.831,Hyderabad,India,16.87N,78.70E,2000
2000-07-01,27.136999999999997,0.604,Hyderabad,India,16.87N,78.70E,2000
2000-08-01,26.576,0.782,Hyderabad,India,16.87N,78.70E,2000
2000-09-01,27.433000000000003,0.179,Hyderabad,India,16.87N,78.70E,2000
2000-10-01,26.927,0.362,Hyderabad,India,16.87N,78.70E,2000
2000-11-01,24.776,0.246,Hyderabad,India,16.87N,78.70E,2000
2000-12-01,21.949,0.364,Hyderabad,India,16.87N,78.70E,2000
2001-01-01,23.406,0.313,Hyderabad,India,16.87N,78.70E,2001
2001-02-01,26.677,0.276,Hyderabad,India,16.87N,78.70E,2001
2001-03-01,29.393,0.344,Hyderabad,India,16.87N,78.70E,2001
2001-04-01,31.289,0.129,Hyderabad,India,16.87N,78.70E,2001
2001-05-01,34.03,0.496,Hyderabad,India,16.87N,78.70E,2001
2001-06-01,29.432,0.393,Hyderabad,India,16.87N,78.70E,2001
2001-07-01,28.309,0.299,Hyderabad,India,16.87N,78.70E,2001
2001-08-01,26.67,0.21,Hyderabad,India,16.87N,78.70E,2001
2001-09-01,27.698,0.581,Hyderabad,India,16.87N,78.70E,2001
2001-10-01,25.955,0.252,Hyderabad,India,16.87N,78.70E,2001
2001-11-01,25.182,0.231,Hyderabad,India,16.87N,78.70E,2001
2001-12-01,22.621,0.404,Hyderabad,India,16.87N,78.70E,2001
2002-01-01,23.253,0.3,Hyderabad,India,16.87N,78.70E,2002
2002-02-01,25.941999999999997,0.287,Hyderabad,India,16.87N,78.70E,2002
2002-03-01,29.713,0.182,Hyderabad,India,16.87N,78.70E,2002
2002-04-01,32.571,0.341,Hyderabad,India,16.87N,78.70E,2002
2002-05-01,33.501,0.385,Hyderabad,India,16.87N,78.70E,2002
2002-06-01,29.717,0.171,Hyderabad,India,16.87N,78.70E,2002
2002-07-01,28.886,0.225,Hyderabad,India,16.87N,78.70E,2002
2002-08-01,26.576,0.271,Hyderabad,India,16.87N,78.70E,2002
2002-09-01,27.861,0.378,Hyderabad,India,16.87N,78.70E,2002
2002-10-01,26.726999999999997,0.218,Hyderabad,India,16.87N,78.70E,2002
2002-11-01,24.006999999999998,0.249,Hyderabad,India,16.87N,78.70E,2002
2002-12-01,23.228,0.27,Hyderabad,India,16.87N,78.70E,2002
2003-01-01,23.471999999999998,0.299,Hyderabad,India,16.87N,78.70E,2003
2003-02-01,26.888,0.226,Hyderabad,India,16.87N,78.70E,2003
2003-03-01,29.52,0.253,Hyderabad,India,16.87N,78.70E,2003
2003-04-01,32.288000000000004,0.374,Hyderabad,India,16.87N,78.70E,2003
2003-05-01,34.514,0.408,Hyderabad,India,16.87N,78.70E,2003
2003-06-01,31.858,0.542,Hyderabad,India,16.87N,78.70E,2003
2003-07-01,27.649,0.47,Hyderabad,India,16.87N,78.70E,2003
2003-08-01,27.068,0.3,Hyderabad,India,16.87N,78.70E,2003
2003-09-01,27.62,0.355,Hyderabad,India,16.87N,78.70E,2003
2003-10-01,26.415,0.394,Hyderabad,India,16.87N,78.70E,2003
2003-11-01,24.465999999999998,0.382,Hyderabad,India,16.87N,78.70E,2003
2003-12-01,22.377,0.25,Hyderabad,India,16.87N,78.70E,2003
2004-01-01,23.166,0.239,Hyderabad,India,16.87N,78.70E,2004
2004-02-01,25.476999999999997,0.628,Hyderabad,India,16.87N,78.70E,2004
2004-03-01,29.97,0.247,Hyderabad,India,16.87N,78.70E,2004
2004-04-01,32.091,0.248,Hyderabad,India,16.87N,78.70E,2004
2004-05-01,31.336,0.319,Hyderabad,India,16.87N,78.70E,2004
2004-06-01,29.858,0.282,Hyderabad,India,16.87N,78.70E,2004
2004-07-01,27.473000000000003,0.29100000000000004,Hyderabad,India,16.87N,78.70E,2004
2004-08-01,27.182,0.5760000000000001,Hyderabad,India,16.87N,78.70E,2004
2004-09-01,27.276,0.369,Hyderabad,India,16.87N,78.70E,2004
2004-10-01,25.961,0.29600000000000004,Hyderabad,India,16.87N,78.70E,2004
2004-11-01,24.4,0.353,Hyderabad,India,16.87N,78.70E,2004
2004-12-01,22.552,0.598,Hyderabad,India,16.87N,78.70E,2004
2005-01-01,24.147,0.363,Hyderabad,India,16.87N,78.70E,2005
2005-02-01,26.509,0.779,Hyderabad,India,16.87N,78.70E,2005
2005-03-01,29.539,0.672,Hyderabad,India,16.87N,78.70E,2005
2005-04-01,31.473000000000006,0.61,Hyderabad,India,16.87N,78.70E,2005
2005-05-01,33.451,0.477,Hyderabad,India,16.87N,78.70E,2005
2005-06-01,31.563000000000002,0.147,Hyderabad,India,16.87N,78.70E,2005
2005-07-01,27.42,0.281,Hyderabad,India,16.87N,78.70E,2005
2005-08-01,27.2,0.14400000000000002,Hyderabad,India,16.87N,78.70E,2005
2005-09-01,27.017,0.175,Hyderabad,India,16.87N,78.70E,2005
2005-10-01,26.058000000000003,0.314,Hyderabad,India,16.87N,78.70E,2005
2005-11-01,23.169,0.361,Hyderabad,India,16.87N,78.70E,2005
2005-12-01,22.32,0.114,Hyderabad,India,16.87N,78.70E,2005
2006-01-01,23.171999999999997,0.384,Hyderabad,India,16.87N,78.70E,2006
2006-02-01,25.909,0.458,Hyderabad,India,16.87N,78.70E,2006
2006-03-01,28.584,0.481,Hyderabad,India,16.87N,78.70E,2006
2006-04-01,31.686,0.6559999999999999,Hyderabad,India,16.87N,78.70E,2006
2006-05-01,32.582,0.348,Hyderabad,India,16.87N,78.70E,2006
2006-06-01,30.081,0.277,Hyderabad,India,16.87N,78.70E,2006
2006-07-01,28.296,0.545,Hyderabad,India,16.87N,78.70E,2006
2006-08-01,27.221999999999998,0.54,Hyderabad,India,16.87N,78.70E,2006
2006-09-01,27.634,0.277,Hyderabad,India,16.87N,78.70E,2006
2006-10-01,26.839000000000002,0.382,Hyderabad,India,16.87N,78.70E,2006
2006-11-01,24.712,0.336,Hyderabad,India,16.87N,78.70E,2006
2006-12-01,22.935,0.341,Hyderabad,India,16.87N,78.70E,2006
2007-01-01,23.665,0.409,Hyderabad,India,16.87N,78.70E,2007
2007-02-01,25.689,0.424,Hyderabad,India,16.87N,78.70E,2007
2007-03-01,29.682,0.274,Hyderabad,India,16.87N,78.70E,2007
2007-04-01,31.78,0.365,Hyderabad,India,16.87N,78.70E,2007
2007-05-01,33.87,0.225,Hyderabad,India,16.87N,78.70E,2007
2007-06-01,29.577,0.415,Hyderabad,India,16.87N,78.70E,2007
2007-07-01,28.494,0.473,Hyderabad,India,16.87N,78.70E,2007
2007-08-01,27.296,0.259,Hyderabad,India,16.87N,78.70E,2007
2007-09-01,26.836,0.312,Hyderabad,India,16.87N,78.70E,2007
2007-10-01,26.242,0.265,Hyderabad,India,16.87N,78.70E,2007
2007-11-01,23.945999999999998,0.24,Hyderabad,India,16.87N,78.70E,2007
2007-12-01,23.467,0.339,Hyderabad,India,16.87N,78.70E,2007
2008-01-01,23.37,0.163,Hyderabad,India,16.87N,78.70E,2008
2008-02-01,25.67,0.225,Hyderabad,India,16.87N,78.70E,2008
2008-03-01,28.15,0.612,Hyderabad,India,16.87N,78.70E,2008
2008-04-01,31.309,0.403,Hyderabad,India,16.87N,78.70E,2008
2008-05-01,33.765,0.53,Hyderabad,India,16.87N,78.70E,2008
2008-06-01,30.131,0.222,Hyderabad,India,16.87N,78.70E,2008
2008-07-01,28.513,0.489,Hyderabad,India,16.87N,78.70E,2008
2008-08-01,26.843000000000004,0.294,Hyderabad,India,16.87N,78.70E,2008
2008-09-01,26.898000000000003,0.223,Hyderabad,India,16.87N,78.70E,2008
2008-10-01,26.534000000000002,0.128,Hyderabad,India,16.87N,78.70E,2008
2008-11-01,24.781,0.285,Hyderabad,India,16.87N,78.70E,2008
2008-12-01,23.396,0.218,Hyderabad,India,16.87N,78.70E,2008
2009-01-01,23.848000000000003,0.398,Hyderabad,India,16.87N,78.70E,2009
2009-02-01,27.375999999999998,0.619,Hyderabad,India,16.87N,78.70E,2009
2009-03-01,29.345,0.349,Hyderabad,India,16.87N,78.70E,2009
2009-04-01,32.492000000000004,0.474,Hyderabad,India,16.87N,78.70E,2009
2009-05-01,33.516,0.6809999999999999,Hyderabad,India,16.87N,78.70E,2009
2009-06-01,31.014,0.481,Hyderabad,India,16.87N,78.70E,2009
2009-07-01,28.266,0.43,Hyderabad,India,16.87N,78.70E,2009
2009-08-01,28.008000000000003,0.263,Hyderabad,India,16.87N,78.70E,2009
2009-09-01,27.699,0.215,Hyderabad,India,16.87N,78.70E,2009
2009-10-01,26.658,0.708,Hyderabad,India,16.87N,78.70E,2009
2009-11-01,24.923,0.434,Hyderabad,India,16.87N,78.70E,2009
2009-12-01,23.173000000000002,0.195,Hyderabad,India,16.87N,78.70E,2009
2010-01-01,23.185,0.245,Hyderabad,India,16.87N,78.70E,2010
2010-02-01,26.463,0.155,Hyderabad,India,16.87N,78.70E,2010
2010-03-01,30.424,0.308,Hyderabad,India,16.87N,78.70E,2010
2010-04-01,33.249,0.287,Hyderabad,India,16.87N,78.70E,2010
2010-05-01,33.482,0.397,Hyderabad,India,16.87N,78.70E,2010
2010-06-01,30.639,0.5479999999999999,Hyderabad,India,16.87N,78.70E,2010
2010-07-01,26.996,0.628,Hyderabad,India,16.87N,78.70E,2010
2010-08-01,27.159000000000002,0.598,Hyderabad,India,16.87N,78.70E,2010
2010-09-01,26.905,0.691,Hyderabad,India,16.87N,78.70E,2010
2010-10-01,26.418000000000003,0.411,Hyderabad,India,16.87N,78.70E,2010
2010-11-01,25.166999999999998,0.299,Hyderabad,India,16.87N,78.70E,2010
2010-12-01,22.234,0.305,Hyderabad,India,16.87N,78.70E,2010
2000-01-01,16.837,0.35,Jaipur,India,26.52N,75.22E,2000
2000-02-01,17.592000000000002,0.236,Jaipur,India,26.52N,75.22E,2000
2000-03-01,23.932,0.318,Jaipur,India,26.52N,75.22E,2000
2000-04-01,32.219,0.429,Jaipur,India,26.52N,75.22E,2000
2000-05-01,34.423,0.44,Jaipur,India,26.52N,75.22E,2000
2000-06-01,33.773,0.679,Jaipur,India,26.52N,75.22E,2000
2000-07-01,29.980999999999998,0.474,Jaipur,India,26.52N,75.22E,2000
2000-08-01,29.577,0.422,Jaipur,India,26.52N,75.22E,2000
2000-09-01,29.375,0.23,Jaipur,India,26.52N,75.22E,2000
2000-10-01,28.449,0.281,Jaipur,India,26.52N,75.22E,2000
2000-11-01,22.908,0.34600000000000003,Jaipur,India,26.52N,75.22E,2000
2000-12-01,18.097,0.206,Jaipur,India,26.52N,75.22E,2000
2001-01-01,15.732999999999999,0.246,Jaipur,India,26.52N,75.22E,2001
2001-02-01,19.875,0.469,Jaipur,India,26.52N,75.22E,2001
2001-03-01,24.903000000000002,0.515,Jaipur,India,26.52N,75.22E,2001
2001-04-01,29.575,0.3670000000000001,Jaipur,India,26.52N,75.22E,2001
2001-05-01,34.132,0.37,Jaipur,India,26.52N,75.22E,2001
2001-06-01,31.698,0.269,Jaipur,India,26.52N,75.22E,2001
2001-07-01,28.871,0.42,Jaipur,India,26.52N,75.22E,2001
2001-08-01,29.005,0.41,Jaipur,India,26.52N,75.22E,2001
2001-09-01,30.114,0.617,Jaipur,India,26.52N,75.22E,2001
2001-10-01,27.758000000000003,0.204,Jaipur,India,26.52N,75.22E,2001
2001-11-01,22.380000000000006,0.224,Jaipur,India,26.52N,75.22E,2001
2001-12-01,18.232000000000006,0.307,Jaipur,India,26.52N,75.22E,2001
2002-01-01,15.957,0.292,Jaipur,India,26.52N,75.22E,2002
2002-02-01,18.649,0.335,Jaipur,India,26.52N,75.22E,2002
2002-03-01,25.447,0.369,Jaipur,India,26.52N,75.22E,2002
2002-04-01,31.699,0.213,Jaipur,India,26.52N,75.22E,2002
2002-05-01,35.805,0.353,Jaipur,India,26.52N,75.22E,2002
2002-06-01,34.747,0.4,Jaipur,India,26.52N,75.22E,2002
2002-07-01,32.515,0.6940000000000001,Jaipur,India,26.52N,75.22E,2002
2002-08-01,29.89,0.35600000000000004,Jaipur,India,26.52N,75.22E,2002
2002-09-01,29.588,1.086,Jaipur,India,26.52N,75.22E,2002
2002-10-01,28.279,0.349,Jaipur,India,26.52N,75.22E,2002
2002-11-01,22.851000000000006,0.5329999999999999,Jaipur,India,26.52N,75.22E,2002
2002-12-01,18.953000000000007,0.327,Jaipur,India,26.52N,75.22E,2002
2003-01-01,15.499,0.615,Jaipur,India,26.52N,75.22E,2003
2003-02-01,19.199,0.276,Jaipur,India,26.52N,75.22E,2003
2003-03-01,24.82,0.394,Jaipur,India,26.52N,75.22E,2003
2003-04-01,31.435,0.434,Jaipur,India,26.52N,75.22E,2003
2003-05-01,34.452,0.269,Jaipur,India,26.52N,75.22E,2003
2003-06-01,34.614000000000004,0.479,Jaipur,India,26.52N,75.22E,2003
2003-07-01,29.598000000000006,0.6809999999999999,Jaipur,India,26.52N,75.22E,2003
2003-08-01,28.733,0.412,Jaipur,India,26.52N,75.22E,2003
2003-09-01,28.279,0.353,Jaipur,India,26.52N,75.22E,2003
2003-10-01,26.500999999999998,0.35600000000000004,Jaipur,India,26.52N,75.22E,2003
2003-11-01,21.947000000000006,0.273,Jaipur,India,26.52N,75.22E,2003
2003-12-01,17.252000000000002,0.365,Jaipur,India,26.52N,75.22E,2003
2004-01-01,15.923,0.534,Jaipur,India,26.52N,75.22E,2004
2004-02-01,20.024,0.315,Jaipur,India,26.52N,75.22E,2004
2004-03-01,27.533,0.4,Jaipur,India,26.52N,75.22E,2004
2004-04-01,32.312,0.262,Jaipur,India,26.52N,75.22E,2004
2004-05-01,34.357,0.136,Jaipur,India,26.52N,75.22E,2004
2004-06-01,33.266,0.299,Jaipur,India,26.52N,75.22E,2004
2004-07-01,31.85,0.348,Jaipur,India,26.52N,75.22E,2004
2004-08-01,28.468000000000004,0.446,Jaipur,India,26.52N,75.22E,2004
2004-09-01,29.956,0.184,Jaipur,India,26.52N,75.22E,2004
2004-10-01,25.608,0.349,Jaipur,India,26.52N,75.22E,2004
2004-11-01,22.386999999999997,0.325,Jaipur,India,26.52N,75.22E,2004
2004-12-01,18.022,0.287,Jaipur,India,26.52N,75.22E,2004
2005-01-01,15.081,0.185,Jaipur,India,26.52N,75.22E,2005
2005-02-01,18.590999999999998,0.17800000000000002,Jaipur,India,26.52N,75.22E,2005
2005-03-01,25.326,0.302,Jaipur,India,26.52N,75.22E,2005
2005-04-01,29.285,0.4,Jaipur,India,26.52N,75.22E,2005
2005-05-01,33.614000000000004,0.515,Jaipur,India,26.52N,75.22E,2005
2005-06-01,34.503,0.6779999999999999,Jaipur,India,26.52N,75.22E,2005
2005-07-01,29.753,0.568,Jaipur,India,26.52N,75.22E,2005
2005-08-01,29.661,0.531,Jaipur,India,26.52N,75.22E,2005
2005-09-01,28.81,0.18600000000000005,Jaipur,India,26.52N,75.22E,2005
2005-10-01,26.445999999999998,0.329,Jaipur,India,26.52N,75.22E,2005
2005-11-01,21.983,0.385,Jaipur,India,26.52N,75.22E,2005
2005-12-01,16.214000000000002,0.332,Jaipur,India,26.52N,75.22E,2005
2006-01-01,16.692,0.241,Jaipur,India,26.52N,75.22E,2006
2006-02-01,22.991,0.412,Jaipur,India,26.52N,75.22E,2006
2006-03-01,23.915,0.32,Jaipur,India,26.52N,75.22E,2006
2006-04-01,30.656999999999996,0.593,Jaipur,India,26.52N,75.22E,2006
2006-05-01,35.271,0.48,Jaipur,India,26.52N,75.22E,2006
2006-06-01,32.751,0.5870000000000001,Jaipur,India,26.52N,75.22E,2006
2006-07-01,30.36,0.386,Jaipur,India,26.52N,75.22E,2006
2006-08-01,28.158,0.662,Jaipur,India,26.52N,75.22E,2006
2006-09-01,29.134,0.33,Jaipur,India,26.52N,75.22E,2006
2006-10-01,27.46,0.338,Jaipur,India,26.52N,75.22E,2006
2006-11-01,22.232000000000006,0.685,Jaipur,India,26.52N,75.22E,2006
2006-12-01,17.537000000000006,0.31,Jaipur,India,26.52N,75.22E,2006
2007-01-01,16.383,0.258,Jaipur,India,26.52N,75.22E,2007
2007-02-01,19.864,0.31,Jaipur,India,26.52N,75.22E,2007
2007-03-01,23.956,0.156,Jaipur,India,26.52N,75.22E,2007
2007-04-01,31.836,0.669,Jaipur,India,26.52N,75.22E,2007
2007-05-01,34.501999999999995,0.404,Jaipur,India,26.52N,75.22E,2007
2007-06-01,33.974000000000004,0.272,Jaipur,India,26.52N,75.22E,2007
2007-07-01,30.206999999999997,0.722,Jaipur,India,26.52N,75.22E,2007
2007-08-01,29.031999999999996,0.917,Jaipur,India,26.52N,75.22E,2007
2007-09-01,29.151999999999997,0.701,Jaipur,India,26.52N,75.22E,2007
2007-10-01,26.576,0.245,Jaipur,India,26.52N,75.22E,2007
2007-11-01,22.803,0.361,Jaipur,India,26.52N,75.22E,2007
2007-12-01,16.919,0.399,Jaipur,India,26.52N,75.22E,2007
2008-01-01,15.263,0.318,Jaipur,India,26.52N,75.22E,2008
2008-02-01,17.495,0.281,Jaipur,India,26.52N,75.22E,2008
2008-03-01,26.659000000000002,0.203,Jaipur,India,26.52N,75.22E,2008
2008-04-01,29.8,0.8390000000000001,Jaipur,India,26.52N,75.22E,2008
2008-05-01,32.948,0.39,Jaipur,India,26.52N,75.22E,2008
2008-06-01,31.267,0.443,Jaipur,India,26.52N,75.22E,2008
2008-07-01,30.211,0.14800000000000002,Jaipur,India,26.52N,75.22E,2008
2008-08-01,28.476999999999997,0.374,Jaipur,India,26.52N,75.22E,2008
2008-09-01,28.674,0.502,Jaipur,India,26.52N,75.22E,2008
2008-10-01,28.107,0.4970000000000001,Jaipur,India,26.52N,75.22E,2008
2008-11-01,22.381,0.5770000000000001,Jaipur,India,26.52N,75.22E,2008
2008-12-01,19.249,0.396,Jaipur,India,26.52N,75.22E,2008
2009-01-01,17.614,0.289,Jaipur,India,26.52N,75.22E,2009
2009-02-01,20.866,0.25,Jaipur,India,26.52N,75.22E,2009
2009-03-01,25.883000000000003,0.274,Jaipur,India,26.52N,75.22E,2009
2009-04-01,30.481,0.339,Jaipur,India,26.52N,75.22E,2009
2009-05-01,35.146,0.456,Jaipur,India,26.52N,75.22E,2009
2009-06-01,34.641,0.778,Jaipur,India,26.52N,75.22E,2009
2009-07-01,30.838,0.455,Jaipur,India,26.52N,75.22E,2009
2009-08-01,30.081999999999997,0.503,Jaipur,India,26.52N,75.22E,2009
2009-09-01,30.229,0.409,Jaipur,India,26.52N,75.22E,2009
2009-10-01,27.098000000000003,0.268,Jaipur,India,26.52N,75.22E,2009
2009-11-01,21.666,0.399,Jaipur,India,26.52N,75.22E,2009
2009-12-01,18.49,0.524,Jaipur,India,26.52N,75.22E,2009
2010-01-01,16.008,0.474,Jaipur,India,26.52N,75.22E,2010
2010-02-01,20.405,0.23,Jaipur,India,26.52N,75.22E,2010
2010-03-01,28.112,0.235,Jaipur,India,26.52N,75.22E,2010
2010-04-01,33.051,0.504,Jaipur,India,26.52N,75.22E,2010
2010-05-01,36.477,0.318,Jaipur,India,26.52N,75.22E,2010
2010-06-01,34.811,0.223,Jaipur,India,26.52N,75.22E,2010
2010-07-01,30.73,0.395,Jaipur,India,26.52N,75.22E,2010
2010-08-01,28.769000000000002,0.639,Jaipur,India,26.52N,75.22E,2010
2010-09-01,27.906,0.61,Jaipur,India,26.52N,75.22E,2010
2010-10-01,27.461,0.6970000000000001,Jaipur,India,26.52N,75.22E,2010
2010-11-01,21.877,0.6729999999999999,Jaipur,India,26.52N,75.22E,2010
2010-12-01,16.214000000000002,0.342,Jaipur,India,26.52N,75.22E,2010
2000-01-01,15.152000000000001,0.276,Kanpur,India,26.52N,80.60E,2000
2000-02-01,16.919,0.422,Kanpur,India,26.52N,80.60E,2000
2000-03-01,23.325,0.5,Kanpur,India,26.52N,80.60E,2000
2000-04-01,30.723000000000003,0.35600000000000004,Kanpur,India,26.52N,80.60E,2000
2000-05-01,33.11000000000001,0.344,Kanpur,India,26.52N,80.60E,2000
2000-06-01,31.189,0.423,Kanpur,India,26.52N,80.60E,2000
2000-07-01,29.702,0.293,Kanpur,India,26.52N,80.60E,2000
2000-08-01,29.85,0.261,Kanpur,India,26.52N,80.60E,2000
2000-09-01,28.622,0.18600000000000005,Kanpur,India,26.52N,80.60E,2000
2000-10-01,27.077,0.29100000000000004,Kanpur,India,26.52N,80.60E,2000
2000-11-01,21.952,0.35600000000000004,Kanpur,India,26.52N,80.60E,2000
2000-12-01,16.625999999999998,0.41,Kanpur,India,26.52N,80.60E,2000
2001-01-01,14.247,0.471,Kanpur,India,26.52N,80.60E,2001
2001-02-01,19.058,0.395,Kanpur,India,26.52N,80.60E,2001
2001-03-01,24.021,0.584,Kanpur,India,26.52N,80.60E,2001
2001-04-01,29.304,0.407,Kanpur,India,26.52N,80.60E,2001
2001-05-01,32.65000000000001,0.196,Kanpur,India,26.52N,80.60E,2001
2001-06-01,30.66,0.443,Kanpur,India,26.52N,80.60E,2001
2001-07-01,29.581,0.207,Kanpur,India,26.52N,80.60E,2001
2001-08-01,29.988000000000003,0.225,Kanpur,India,26.52N,80.60E,2001
2001-09-01,29.916,0.261,Kanpur,India,26.52N,80.60E,2001
2001-10-01,26.656,0.475,Kanpur,India,26.52N,80.60E,2001
2001-11-01,21.604,0.639,Kanpur,India,26.52N,80.60E,2001
2001-12-01,16.233,0.634,Kanpur,India,26.52N,80.60E,2001
2002-01-01,15.17,0.7509999999999999,Kanpur,India,26.52N,80.60E,2002
2002-02-01,18.829,0.5920000000000001,Kanpur,India,26.52N,80.60E,2002
2002-03-01,24.833,0.406,Kanpur,India,26.52N,80.60E,2002
2002-04-01,30.561,0.371,Kanpur,India,26.52N,80.60E,2002
2002-05-01,33.909000000000006,0.867,Kanpur,India,26.52N,80.60E,2002
2002-06-01,33.458,0.297,Kanpur,India,26.52N,80.60E,2002
2002-07-01,33.151,0.6920000000000001,Kanpur,India,26.52N,80.60E,2002
2002-08-01,29.752,0.08900000000000001,Kanpur,India,26.52N,80.60E,2002
2002-09-01,28.103,0.208,Kanpur,India,26.52N,80.60E,2002
2002-10-01,26.561999999999998,0.605,Kanpur,India,26.52N,80.60E,2002
2002-11-01,21.587,0.674,Kanpur,India,26.52N,80.60E,2002
2002-12-01,17.487000000000002,0.769,Kanpur,India,26.52N,80.60E,2002
2003-01-01,13.196,0.909,Kanpur,India,26.52N,80.60E,2003
2003-02-01,18.852,0.4970000000000001,Kanpur,India,26.52N,80.60E,2003
2003-03-01,23.726999999999997,0.44,Kanpur,India,26.52N,80.60E,2003
2003-04-01,30.708,0.33,Kanpur,India,26.52N,80.60E,2003
2003-05-01,33.544000000000004,0.29100000000000004,Kanpur,India,26.52N,80.60E,2003
2003-06-01,33.858000000000004,0.59,Kanpur,India,26.52N,80.60E,2003
2003-07-01,30.223000000000003,0.322,Kanpur,India,26.52N,80.60E,2003
2003-08-01,29.676,0.42,Kanpur,India,26.52N,80.60E,2003
2003-09-01,28.055,0.337,Kanpur,India,26.52N,80.60E,2003
2003-10-01,25.631,0.483,Kanpur,India,26.52N,80.60E,2003
2003-11-01,21.116,0.528,Kanpur,India,26.52N,80.60E,2003
2003-12-01,16.323,0.322,Kanpur,India,26.52N,80.60E,2003
2004-01-01,13.845999999999998,0.365,Kanpur,India,26.52N,80.60E,2004
2004-02-01,18.799,0.489,Kanpur,India,26.52N,80.60E,2004
2004-03-01,26.199,0.331,Kanpur,India,26.52N,80.60E,2004
2004-04-01,30.909000000000002,0.511,Kanpur,India,26.52N,80.60E,2004
2004-05-01,33.729000000000006,0.42,Kanpur,India,26.52N,80.60E,2004
2004-06-01,31.482,0.279,Kanpur,India,26.52N,80.60E,2004
2004-07-01,30.494,0.343,Kanpur,India,26.52N,80.60E,2004
2004-08-01,29.485,0.227,Kanpur,India,26.52N,80.60E,2004
2004-09-01,29.663,0.239,Kanpur,India,26.52N,80.60E,2004
2004-10-01,25.206999999999997,0.324,Kanpur,India,26.52N,80.60E,2004
2004-11-01,20.548000000000002,0.13699999999999998,Kanpur,India,26.52N,80.60E,2004
2004-12-01,16.677,0.429,Kanpur,India,26.52N,80.60E,2004
2005-01-01,15.503,0.631,Kanpur,India,26.52N,80.60E,2005
2005-02-01,19.118,0.397,Kanpur,India,26.52N,80.60E,2005
2005-03-01,25.377,0.606,Kanpur,India,26.52N,80.60E,2005
2005-04-01,29.719,0.622,Kanpur,India,26.52N,80.60E,2005
2005-05-01,32.86600000000001,0.263,Kanpur,India,26.52N,80.60E,2005
2005-06-01,34.875,0.398,Kanpur,India,26.52N,80.60E,2005
2005-07-01,29.353,0.421,Kanpur,India,26.52N,80.60E,2005
2005-08-01,30.069000000000003,0.441,Kanpur,India,26.52N,80.60E,2005
2005-09-01,29.035,0.515,Kanpur,India,26.52N,80.60E,2005
2005-10-01,25.775,0.7090000000000001,Kanpur,India,26.52N,80.60E,2005
2005-11-01,20.333,0.407,Kanpur,India,26.52N,80.60E,2005
2005-12-01,15.435,0.309,Kanpur,India,26.52N,80.60E,2005
2006-01-01,15.794,0.62,Kanpur,India,26.52N,80.60E,2006
2006-02-01,21.92,0.4370000000000001,Kanpur,India,26.52N,80.60E,2006
2006-03-01,23.730999999999998,1.176,Kanpur,India,26.52N,80.60E,2006
2006-04-01,30.109,0.602,Kanpur,India,26.52N,80.60E,2006
2006-05-01,32.779,0.389,Kanpur,India,26.52N,80.60E,2006
2006-06-01,32.319,0.43,Kanpur,India,26.52N,80.60E,2006
2006-07-01,29.788,0.3670000000000001,Kanpur,India,26.52N,80.60E,2006
2006-08-01,29.475,0.441,Kanpur,India,26.52N,80.60E,2006
2006-09-01,29.334,0.5760000000000001,Kanpur,India,26.52N,80.60E,2006
2006-10-01,26.791999999999998,0.419,Kanpur,India,26.52N,80.60E,2006
2006-11-01,21.322,0.331,Kanpur,India,26.52N,80.60E,2006
2006-12-01,16.823,0.56,Kanpur,India,26.52N,80.60E,2006
2007-01-01,15.423,1.084,Kanpur,India,26.52N,80.60E,2007
2007-02-01,18.362000000000002,0.789,Kanpur,India,26.52N,80.60E,2007
2007-03-01,23.195,0.368,Kanpur,India,26.52N,80.60E,2007
2007-04-01,30.820999999999998,0.585,Kanpur,India,26.52N,80.60E,2007
2007-05-01,32.545,0.599,Kanpur,India,26.52N,80.60E,2007
2007-06-01,32.946,0.475,Kanpur,India,26.52N,80.60E,2007
2007-07-01,30.075,0.32,Kanpur,India,26.52N,80.60E,2007
2007-08-01,29.578000000000003,0.339,Kanpur,India,26.52N,80.60E,2007
2007-09-01,29.158,0.292,Kanpur,India,26.52N,80.60E,2007
2007-10-01,25.851999999999997,0.24,Kanpur,India,26.52N,80.60E,2007
2007-11-01,21.096,0.197,Kanpur,India,26.52N,80.60E,2007
2007-12-01,16.182000000000002,0.329,Kanpur,India,26.52N,80.60E,2007
2008-01-01,15.413,0.34,Kanpur,India,26.52N,80.60E,2008
2008-02-01,17.141,0.34700000000000003,Kanpur,India,26.52N,80.60E,2008
2008-03-01,25.366,0.507,Kanpur,India,26.52N,80.60E,2008
2008-04-01,29.594,0.508,Kanpur,India,26.52N,80.60E,2008
2008-05-01,32.247,0.285,Kanpur,India,26.52N,80.60E,2008
2008-06-01,29.574,0.412,Kanpur,India,26.52N,80.60E,2008
2008-07-01,28.991,0.399,Kanpur,India,26.52N,80.60E,2008
2008-08-01,29.177,0.245,Kanpur,India,26.52N,80.60E,2008
2008-09-01,29.090999999999998,0.195,Kanpur,India,26.52N,80.60E,2008
2008-10-01,26.318,0.419,Kanpur,India,26.52N,80.60E,2008
2008-11-01,20.963,0.331,Kanpur,India,26.52N,80.60E,2008
2008-12-01,17.442,0.261,Kanpur,India,26.52N,80.60E,2008
2009-01-01,16.247,0.304,Kanpur,India,26.52N,80.60E,2009
2009-02-01,19.888,0.29600000000000004,Kanpur,India,26.52N,80.60E,2009
2009-03-01,24.783,0.412,Kanpur,India,26.52N,80.60E,2009
2009-04-01,30.399,0.506,Kanpur,India,26.52N,80.60E,2009
2009-05-01,32.794000000000004,0.477,Kanpur,India,26.52N,80.60E,2009
2009-06-01,34.672999999999995,0.269,Kanpur,India,26.52N,80.60E,2009
2009-07-01,30.95,0.21,Kanpur,India,26.52N,80.60E,2009
2009-08-01,30.346,0.527,Kanpur,India,26.52N,80.60E,2009
2009-09-01,29.11,0.263,Kanpur,India,26.52N,80.60E,2009
2009-10-01,25.239,0.215,Kanpur,India,26.52N,80.60E,2009
2009-11-01,20.749000000000002,0.243,Kanpur,India,26.52N,80.60E,2009
2009-12-01,16.666999999999998,0.621,Kanpur,India,26.52N,80.60E,2009
2010-01-01,13.147,0.502,Kanpur,India,26.52N,80.60E,2010
2010-02-01,18.987000000000002,0.414,Kanpur,India,26.52N,80.60E,2010
2010-03-01,26.496,0.46,Kanpur,India,26.52N,80.60E,2010
2010-04-01,32.330999999999996,0.4,Kanpur,India,26.52N,80.60E,2010
2010-05-01,33.902,0.57,Kanpur,India,26.52N,80.60E,2010
2010-06-01,34.421,0.21600000000000005,Kanpur,India,26.52N,80.60E,2010
2010-07-01,30.783,0.412,Kanpur,India,26.52N,80.60E,2010
2010-08-01,29.618000000000002,0.28800000000000003,Kanpur,India,26.52N,80.60E,2010
2010-09-01,28.54,0.4,Kanpur,India,26.52N,80.60E,2010
2010-10-01,26.308000000000003,0.359,Kanpur,India,26.52N,80.60E,2010
2010-11-01,21.889,0.481,Kanpur,India,26.52N,80.60E,2010
2010-12-01,15.839,0.8190000000000001,Kanpur,India,26.52N,80.60E,2010
2000-01-01,15.152000000000001,0.276,Lakhnau,India,26.52N,80.60E,2000
2000-02-01,16.919,0.422,Lakhnau,India,26.52N,80.60E,2000
2000-03-01,23.325,0.5,Lakhnau,India,26.52N,80.60E,2000
2000-04-01,30.723000000000003,0.35600000000000004,Lakhnau,India,26.52N,80.60E,2000
2000-05-01,33.11000000000001,0.344,Lakhnau,India,26.52N,80.60E,2000
2000-06-01,31.189,0.423,Lakhnau,India,26.52N,80.60E,2000
2000-07-01,29.702,0.293,Lakhnau,India,26.52N,80.60E,2000
2000-08-01,29.85,0.261,Lakhnau,India,26.52N,80.60E,2000
2000-09-01,28.622,0.18600000000000005,Lakhnau,India,26.52N,80.60E,2000
2000-10-01,27.077,0.29100000000000004,Lakhnau,India,26.52N,80.60E,2000
2000-11-01,21.952,0.35600000000000004,Lakhnau,India,26.52N,80.60E,2000
2000-12-01,16.625999999999998,0.41,Lakhnau,India,26.52N,80.60E,2000
2001-01-01,14.247,0.471,Lakhnau,India,26.52N,80.60E,2001
2001-02-01,19.058,0.395,Lakhnau,India,26.52N,80.60E,2001
2001-03-01,24.021,0.584,Lakhnau,India,26.52N,80.60E,2001
2001-04-01,29.304,0.407,Lakhnau,India,26.52N,80.60E,2001
2001-05-01,32.65000000000001,0.196,Lakhnau,India,26.52N,80.60E,2001
2001-06-01,30.66,0.443,Lakhnau,India,26.52N,80.60E,2001
2001-07-01,29.581,0.207,Lakhnau,India,26.52N,80.60E,2001
2001-08-01,29.988000000000003,0.225,Lakhnau,India,26.52N,80.60E,2001
2001-09-01,29.916,0.261,Lakhnau,India,26.52N,80.60E,2001
2001-10-01,26.656,0.475,Lakhnau,India,26.52N,80.60E,2001
2001-11-01,21.604,0.639,Lakhnau,India,26.52N,80.60E,2001
2001-12-01,16.233,0.634,Lakhnau,India,26.52N,80.60E,2001
2002-01-01,15.17,0.7509999999999999,Lakhnau,India,26.52N,80.60E,2002
2002-02-01,18.829,0.5920000000000001,Lakhnau,India,26.52N,80.60E,2002
2002-03-01,24.833,0.406,Lakhnau,India,26.52N,80.60E,2002
2002-04-01,30.561,0.371,Lakhnau,India,26.52N,80.60E,2002
2002-05-01,33.909000000000006,0.867,Lakhnau,India,26.52N,80.60E,2002
2002-06-01,33.458,0.297,Lakhnau,India,26.52N,80.60E,2002
2002-07-01,33.151,0.6920000000000001,Lakhnau,India,26.52N,80.60E,2002
2002-08-01,29.752,0.08900000000000001,Lakhnau,India,26.52N,80.60E,2002
2002-09-01,28.103,0.208,Lakhnau,India,26.52N,80.60E,2002
2002-10-01,26.561999999999998,0.605,Lakhnau,India,26.52N,80.60E,2002
2002-11-01,21.587,0.674,Lakhnau,India,26.52N,80.60E,2002
2002-12-01,17.487000000000002,0.769,Lakhnau,India,26.52N,80.60E,2002
2003-01-01,13.196,0.909,Lakhnau,India,26.52N,80.60E,2003
2003-02-01,18.852,0.4970000000000001,Lakhnau,India,26.52N,80.60E,2003
2003-03-01,23.726999999999997,0.44,Lakhnau,India,26.52N,80.60E,2003
2003-04-01,30.708,0.33,Lakhnau,India,26.52N,80.60E,2003
2003-05-01,33.544000000000004,0.29100000000000004,Lakhnau,India,26.52N,80.60E,2003
2003-06-01,33.858000000000004,0.59,Lakhnau,India,26.52N,80.60E,2003
2003-07-01,30.223000000000003,0.322,Lakhnau,India,26.52N,80.60E,2003
2003-08-01,29.676,0.42,Lakhnau,India,26.52N,80.60E,2003
2003-09-01,28.055,0.337,Lakhnau,India,26.52N,80.60E,2003
2003-10-01,25.631,0.483,Lakhnau,India,26.52N,80.60E,2003
2003-11-01,21.116,0.528,Lakhnau,India,26.52N,80.60E,2003
2003-12-01,16.323,0.322,Lakhnau,India,26.52N,80.60E,2003
2004-01-01,13.845999999999998,0.365,Lakhnau,India,26.52N,80.60E,2004
2004-02-01,18.799,0.489,Lakhnau,India,26.52N,80.60E,2004
2004-03-01,26.199,0.331,Lakhnau,India,26.52N,80.60E,2004
2004-04-01,30.909000000000002,0.511,Lakhnau,India,26.52N,80.60E,2004
2004-05-01,33.729000000000006,0.42,Lakhnau,India,26.52N,80.60E,2004
2004-06-01,31.482,0.279,Lakhnau,India,26.52N,80.60E,2004
2004-07-01,30.494,0.343,Lakhnau,India,26.52N,80.60E,2004
2004-08-01,29.485,0.227,Lakhnau,India,26.52N,80.60E,2004
2004-09-01,29.663,0.239,Lakhnau,India,26.52N,80.60E,2004
2004-10-01,25.206999999999997,0.324,Lakhnau,India,26.52N,80.60E,2004
2004-11-01,20.548000000000002,0.13699999999999998,Lakhnau,India,26.52N,80.60E,2004
2004-12-01,16.677,0.429,Lakhnau,India,26.52N,80.60E,2004
2005-01-01,15.503,0.631,Lakhnau,India,26.52N,80.60E,2005
2005-02-01,19.118,0.397,Lakhnau,India,26.52N,80.60E,2005
2005-03-01,25.377,0.606,Lakhnau,India,26.52N,80.60E,2005
2005-04-01,29.719,0.622,Lakhnau,India,26.52N,80.60E,2005
2005-05-01,32.86600000000001,0.263,Lakhnau,India,26.52N,80.60E,2005
2005-06-01,34.875,0.398,Lakhnau,India,26.52N,80.60E,2005
2005-07-01,29.353,0.421,Lakhnau,India,26.52N,80.60E,2005
2005-08-01,30.069000000000003,0.441,Lakhnau,India,26.52N,80.60E,2005
2005-09-01,29.035,0.515,Lakhnau,India,26.52N,80.60E,2005
2005-10-01,25.775,0.7090000000000001,Lakhnau,India,26.52N,80.60E,2005
2005-11-01,20.333,0.407,Lakhnau,India,26.52N,80.60E,2005
2005-12-01,15.435,0.309,Lakhnau,India,26.52N,80.60E,2005
2006-01-01,15.794,0.62,Lakhnau,India,26.52N,80.60E,2006
2006-02-01,21.92,0.4370000000000001,Lakhnau,India,26.52N,80.60E,2006
2006-03-01,23.730999999999998,1.176,Lakhnau,India,26.52N,80.60E,2006
2006-04-01,30.109,0.602,Lakhnau,India,26.52N,80.60E,2006
2006-05-01,32.779,0.389,Lakhnau,India,26.52N,80.60E,2006
2006-06-01,32.319,0.43,Lakhnau,India,26.52N,80.60E,2006
2006-07-01,29.788,0.3670000000000001,Lakhnau,India,26.52N,80.60E,2006
2006-08-01,29.475,0.441,Lakhnau,India,26.52N,80.60E,2006
2006-09-01,29.334,0.5760000000000001,Lakhnau,India,26.52N,80.60E,2006
2006-10-01,26.791999999999998,0.419,Lakhnau,India,26.52N,80.60E,2006
2006-11-01,21.322,0.331,Lakhnau,India,26.52N,80.60E,2006
2006-12-01,16.823,0.56,Lakhnau,India,26.52N,80.60E,2006
2007-01-01,15.423,1.084,Lakhnau,India,26.52N,80.60E,2007
2007-02-01,18.362000000000002,0.789,Lakhnau,India,26.52N,80.60E,2007
2007-03-01,23.195,0.368,Lakhnau,India,26.52N,80.60E,2007
2007-04-01,30.820999999999998,0.585,Lakhnau,India,26.52N,80.60E,2007
2007-05-01,32.545,0.599,Lakhnau,India,26.52N,80.60E,2007
2007-06-01,32.946,0.475,Lakhnau,India,26.52N,80.60E,2007
2007-07-01,30.075,0.32,Lakhnau,India,26.52N,80.60E,2007
2007-08-01,29.578000000000003,0.339,Lakhnau,India,26.52N,80.60E,2007
2007-09-01,29.158,0.292,Lakhnau,India,26.52N,80.60E,2007
2007-10-01,25.851999999999997,0.24,Lakhnau,India,26.52N,80.60E,2007
2007-11-01,21.096,0.197,Lakhnau,India,26.52N,80.60E,2007
2007-12-01,16.182000000000002,0.329,Lakhnau,India,26.52N,80.60E,2007
2008-01-01,15.413,0.34,Lakhnau,India,26.52N,80.60E,2008
2008-02-01,17.141,0.34700000000000003,Lakhnau,India,26.52N,80.60E,2008
2008-03-01,25.366,0.507,Lakhnau,India,26.52N,80.60E,2008
2008-04-01,29.594,0.508,Lakhnau,India,26.52N,80.60E,2008
2008-05-01,32.247,0.285,Lakhnau,India,26.52N,80.60E,2008
2008-06-01,29.574,0.412,Lakhnau,India,26.52N,80.60E,2008
2008-07-01,28.991,0.399,Lakhnau,India,26.52N,80.60E,2008
2008-08-01,29.177,0.245,Lakhnau,India,26.52N,80.60E,2008
2008-09-01,29.090999999999998,0.195,Lakhnau,India,26.52N,80.60E,2008
2008-10-01,26.318,0.419,Lakhnau,India,26.52N,80.60E,2008
2008-11-01,20.963,0.331,Lakhnau,India,26.52N,80.60E,2008
2008-12-01,17.442,0.261,Lakhnau,India,26.52N,80.60E,2008
2009-01-01,16.247,0.304,Lakhnau,India,26.52N,80.60E,2009
2009-02-01,19.888,0.29600000000000004,Lakhnau,India,26.52N,80.60E,2009
2009-03-01,24.783,0.412,Lakhnau,India,26.52N,80.60E,2009
2009-04-01,30.399,0.506,Lakhnau,India,26.52N,80.60E,2009
2009-05-01,32.794000000000004,0.477,Lakhnau,India,26.52N,80.60E,2009
2009-06-01,34.672999999999995,0.269,Lakhnau,India,26.52N,80.60E,2009
2009-07-01,30.95,0.21,Lakhnau,India,26.52N,80.60E,2009
2009-08-01,30.346,0.527,Lakhnau,India,26.52N,80.60E,2009
2009-09-01,29.11,0.263,Lakhnau,India,26.52N,80.60E,2009
2009-10-01,25.239,0.215,Lakhnau,India,26.52N,80.60E,2009
2009-11-01,20.749000000000002,0.243,Lakhnau,India,26.52N,80.60E,2009
2009-12-01,16.666999999999998,0.621,Lakhnau,India,26.52N,80.60E,2009
2010-01-01,13.147,0.502,Lakhnau,India,26.52N,80.60E,2010
2010-02-01,18.987000000000002,0.414,Lakhnau,India,26.52N,80.60E,2010
2010-03-01,26.496,0.46,Lakhnau,India,26.52N,80.60E,2010
2010-04-01,32.330999999999996,0.4,Lakhnau,India,26.52N,80.60E,2010
2010-05-01,33.902,0.57,Lakhnau,India,26.52N,80.60E,2010
2010-06-01,34.421,0.21600000000000005,Lakhnau,India,26.52N,80.60E,2010
2010-07-01,30.783,0.412,Lakhnau,India,26.52N,80.60E,2010
2010-08-01,29.618000000000002,0.28800000000000003,Lakhnau,India,26.52N,80.60E,2010
2010-09-01,28.54,0.4,Lakhnau,India,26.52N,80.60E,2010
2010-10-01,26.308000000000003,0.359,Lakhnau,India,26.52N,80.60E,2010
2010-11-01,21.889,0.481,Lakhnau,India,26.52N,80.60E,2010
2010-12-01,15.839,0.8190000000000001,Lakhnau,India,26.52N,80.60E,2010
2000-01-01,25.143,0.147,Madras,India,13.66N,80.09E,2000
2000-02-01,26.705,0.177,Madras,India,13.66N,80.09E,2000
2000-03-01,28.267,0.213,Madras,India,13.66N,80.09E,2000
2000-04-01,31.340999999999998,0.314,Madras,India,13.66N,80.09E,2000
2000-05-01,33.117,0.298,Madras,India,13.66N,80.09E,2000
2000-06-01,31.455,0.53,Madras,India,13.66N,80.09E,2000
2000-07-01,30.483,0.7170000000000001,Madras,India,13.66N,80.09E,2000
2000-08-01,29.683000000000003,0.687,Madras,India,13.66N,80.09E,2000
2000-09-01,30.006999999999998,0.218,Madras,India,13.66N,80.09E,2000
2000-10-01,28.408,0.239,Madras,India,13.66N,80.09E,2000
2000-11-01,26.701999999999998,0.166,Madras,India,13.66N,80.09E,2000
2000-12-01,24.429000000000002,0.263,Madras,India,13.66N,80.09E,2000
2001-01-01,25.037,0.33,Madras,India,13.66N,80.09E,2001
2001-02-01,26.821,0.156,Madras,India,13.66N,80.09E,2001
2001-03-01,29.147,0.266,Madras,India,13.66N,80.09E,2001
2001-04-01,30.139,0.29100000000000004,Madras,India,13.66N,80.09E,2001
2001-05-01,33.870999999999995,0.386,Madras,India,13.66N,80.09E,2001
2001-06-01,32.387,0.324,Madras,India,13.66N,80.09E,2001
2001-07-01,31.91,0.376,Madras,India,13.66N,80.09E,2001
2001-08-01,30.603,0.256,Madras,India,13.66N,80.09E,2001
2001-09-01,30.375,0.177,Madras,India,13.66N,80.09E,2001
2001-10-01,28.108,0.563,Madras,India,13.66N,80.09E,2001
2001-11-01,26.891,0.349,Madras,India,13.66N,80.09E,2001
2001-12-01,24.666,0.207,Madras,India,13.66N,80.09E,2001
2002-01-01,25.191,0.369,Madras,India,13.66N,80.09E,2002
2002-02-01,26.126,0.255,Madras,India,13.66N,80.09E,2002
2002-03-01,28.854,0.22,Madras,India,13.66N,80.09E,2002
2002-04-01,31.185,0.251,Madras,India,13.66N,80.09E,2002
2002-05-01,33.687,0.406,Madras,India,13.66N,80.09E,2002
2002-06-01,32.298,0.26,Madras,India,13.66N,80.09E,2002
2002-07-01,32.451,0.32299999999999995,Madras,India,13.66N,80.09E,2002
2002-08-01,30.647,0.184,Madras,India,13.66N,80.09E,2002
2002-09-01,30.901999999999997,0.193,Madras,India,13.66N,80.09E,2002
2002-10-01,28.685,0.289,Madras,India,13.66N,80.09E,2002
2002-11-01,26.138,0.331,Madras,India,13.66N,80.09E,2002
2002-12-01,24.794,0.215,Madras,India,13.66N,80.09E,2002
2003-01-01,24.933000000000003,0.212,Madras,India,13.66N,80.09E,2003
2003-02-01,27.134,0.152,Madras,India,13.66N,80.09E,2003
2003-03-01,28.745,0.16899999999999998,Madras,India,13.66N,80.09E,2003
2003-04-01,31.064,0.343,Madras,India,13.66N,80.09E,2003
2003-05-01,33.902,0.449,Madras,India,13.66N,80.09E,2003
2003-06-01,33.735,0.539,Madras,India,13.66N,80.09E,2003
2003-07-01,30.541,0.888,Madras,India,13.66N,80.09E,2003
2003-08-01,30.241,0.672,Madras,India,13.66N,80.09E,2003
2003-09-01,30.660999999999998,0.247,Madras,India,13.66N,80.09E,2003
2003-10-01,28.717,0.302,Madras,India,13.66N,80.09E,2003
2003-11-01,26.729000000000006,0.425,Madras,India,13.66N,80.09E,2003
2003-12-01,24.875,0.19,Madras,India,13.66N,80.09E,2003
2004-01-01,24.844,0.398,Madras,India,13.66N,80.09E,2004
2004-02-01,26.065,0.495,Madras,India,13.66N,80.09E,2004
2004-03-01,28.86,0.213,Madras,India,13.66N,80.09E,2004
2004-04-01,31.495,0.403,Madras,India,13.66N,80.09E,2004
2004-05-01,31.249000000000002,0.194,Madras,India,13.66N,80.09E,2004
2004-06-01,32.009,0.383,Madras,India,13.66N,80.09E,2004
2004-07-01,30.982,0.258,Madras,India,13.66N,80.09E,2004
2004-08-01,31.612,0.769,Madras,India,13.66N,80.09E,2004
2004-09-01,29.499,0.184,Madras,India,13.66N,80.09E,2004
2004-10-01,27.989,0.329,Madras,India,13.66N,80.09E,2004
2004-11-01,26.215,0.205,Madras,India,13.66N,80.09E,2004
2004-12-01,24.912,0.314,Madras,India,13.66N,80.09E,2004
2005-01-01,25.636999999999997,0.221,Madras,India,13.66N,80.09E,2005
2005-02-01,26.828000000000003,0.175,Madras,India,13.66N,80.09E,2005
2005-03-01,29.14,0.314,Madras,India,13.66N,80.09E,2005
2005-04-01,30.463,0.335,Madras,India,13.66N,80.09E,2005
2005-05-01,32.924,0.313,Madras,India,13.66N,80.09E,2005
2005-06-01,33.330999999999996,0.254,Madras,India,13.66N,80.09E,2005
2005-07-01,31.356,0.413,Madras,India,13.66N,80.09E,2005
2005-08-01,31.005000000000006,0.319,Madras,India,13.66N,80.09E,2005
2005-09-01,30.066999999999997,0.375,Madras,India,13.66N,80.09E,2005
2005-10-01,28.092,0.185,Madras,India,13.66N,80.09E,2005
2005-11-01,25.607000000000006,0.443,Madras,India,13.66N,80.09E,2005
2005-12-01,24.743000000000002,0.136,Madras,India,13.66N,80.09E,2005
2006-01-01,24.92,0.299,Madras,India,13.66N,80.09E,2006
2006-02-01,26.069000000000003,0.297,Madras,India,13.66N,80.09E,2006
2006-03-01,28.726999999999997,0.46,Madras,India,13.66N,80.09E,2006
2006-04-01,31.041999999999998,0.369,Madras,India,13.66N,80.09E,2006
2006-05-01,32.617999999999995,0.319,Madras,India,13.66N,80.09E,2006
2006-06-01,32.17,0.322,Madras,India,13.66N,80.09E,2006
2006-07-01,31.819000000000003,0.373,Madras,India,13.66N,80.09E,2006
2006-08-01,30.915000000000006,0.366,Madras,India,13.66N,80.09E,2006
2006-09-01,30.08,0.245,Madras,India,13.66N,80.09E,2006
2006-10-01,28.643,0.321,Madras,India,13.66N,80.09E,2006
2006-11-01,26.579,0.147,Madras,India,13.66N,80.09E,2006
2006-12-01,25.296999999999997,0.219,Madras,India,13.66N,80.09E,2006
2007-01-01,25.223000000000003,0.189,Madras,India,13.66N,80.09E,2007
2007-02-01,26.388,0.353,Madras,India,13.66N,80.09E,2007
2007-03-01,28.594,0.179,Madras,India,13.66N,80.09E,2007
2007-04-01,30.666,0.35,Madras,India,13.66N,80.09E,2007
2007-05-01,34.034,0.348,Madras,India,13.66N,80.09E,2007
2007-06-01,31.589,0.47,Madras,India,13.66N,80.09E,2007
2007-07-01,31.189,0.464,Madras,India,13.66N,80.09E,2007
2007-08-01,30.033,0.471,Madras,India,13.66N,80.09E,2007
2007-09-01,29.697,0.29600000000000004,Madras,India,13.66N,80.09E,2007
2007-10-01,28.558000000000003,0.342,Madras,India,13.66N,80.09E,2007
2007-11-01,26.406999999999996,0.249,Madras,India,13.66N,80.09E,2007
2007-12-01,25.264,0.299,Madras,India,13.66N,80.09E,2007
2008-01-01,25.055,0.196,Madras,India,13.66N,80.09E,2008
2008-02-01,26.697,0.267,Madras,India,13.66N,80.09E,2008
2008-03-01,27.777,0.469,Madras,India,13.66N,80.09E,2008
2008-04-01,30.534000000000002,0.211,Madras,India,13.66N,80.09E,2008
2008-05-01,33.89,0.595,Madras,India,13.66N,80.09E,2008
2008-06-01,32.370000000000005,0.389,Madras,India,13.66N,80.09E,2008
2008-07-01,31.36,0.35100000000000003,Madras,India,13.66N,80.09E,2008
2008-08-01,30.08,0.535,Madras,India,13.66N,80.09E,2008
2008-09-01,30.04,0.237,Madras,India,13.66N,80.09E,2008
2008-10-01,28.33,0.23,Madras,India,13.66N,80.09E,2008
2008-11-01,26.724,0.25,Madras,India,13.66N,80.09E,2008
2008-12-01,25.432,0.259,Madras,India,13.66N,80.09E,2008
2009-01-01,25.031,0.245,Madras,India,13.66N,80.09E,2009
2009-02-01,26.988000000000003,0.409,Madras,India,13.66N,80.09E,2009
2009-03-01,28.629,0.336,Madras,India,13.66N,80.09E,2009
2009-04-01,31.171,0.45,Madras,India,13.66N,80.09E,2009
2009-05-01,32.949,0.435,Madras,India,13.66N,80.09E,2009
2009-06-01,33.259,0.544,Madras,India,13.66N,80.09E,2009
2009-07-01,32.047,0.591,Madras,India,13.66N,80.09E,2009
2009-08-01,31.081999999999997,0.284,Madras,India,13.66N,80.09E,2009
2009-09-01,30.435,0.22,Madras,India,13.66N,80.09E,2009
2009-10-01,29.4,0.408,Madras,India,13.66N,80.09E,2009
2009-11-01,26.885,0.316,Madras,India,13.66N,80.09E,2009
2009-12-01,25.133000000000003,0.256,Madras,India,13.66N,80.09E,2009
2010-01-01,25.354,0.239,Madras,India,13.66N,80.09E,2010
2010-02-01,26.685,0.304,Madras,India,13.66N,80.09E,2010
2010-03-01,29.405,0.384,Madras,India,13.66N,80.09E,2010
2010-04-01,32.079,0.403,Madras,India,13.66N,80.09E,2010
2010-05-01,32.831,0.443,Madras,India,13.66N,80.09E,2010
2010-06-01,31.906999999999996,0.679,Madras,India,13.66N,80.09E,2010
2010-07-01,30.188000000000002,0.568,Madras,India,13.66N,80.09E,2010
2010-08-01,30.081,0.511,Madras,India,13.66N,80.09E,2010
2010-09-01,29.561,0.253,Madras,India,13.66N,80.09E,2010
2010-10-01,28.855999999999998,0.424,Madras,India,13.66N,80.09E,2010
2010-11-01,26.932,0.244,Madras,India,13.66N,80.09E,2010
2010-12-01,24.689,0.214,Madras,India,13.66N,80.09E,2010
2000-01-01,20.086,0.5379999999999999,Nagpur,India,21.70N,78.75E,2000
2000-02-01,21.229,0.294,Nagpur,India,21.70N,78.75E,2000
2000-03-01,26.191,0.225,Nagpur,India,21.70N,78.75E,2000
2000-04-01,32.968,0.28600000000000003,Nagpur,India,21.70N,78.75E,2000
2000-05-01,33.266,0.268,Nagpur,India,21.70N,78.75E,2000
2000-06-01,29.565,0.35200000000000004,Nagpur,India,21.70N,78.75E,2000
2000-07-01,26.673000000000002,0.278,Nagpur,India,21.70N,78.75E,2000
2000-08-01,27.219,0.326,Nagpur,India,21.70N,78.75E,2000
2000-09-01,27.168000000000003,0.358,Nagpur,India,21.70N,78.75E,2000
2000-10-01,26.916,0.742,Nagpur,India,21.70N,78.75E,2000
2000-11-01,23.365,0.431,Nagpur,India,21.70N,78.75E,2000
2000-12-01,19.531,0.643,Nagpur,India,21.70N,78.75E,2000
2001-01-01,19.767,0.349,Nagpur,India,21.70N,78.75E,2001
2001-02-01,23.497,0.478,Nagpur,India,21.70N,78.75E,2001
2001-03-01,27.212,0.299,Nagpur,India,21.70N,78.75E,2001
2001-04-01,30.677,0.404,Nagpur,India,21.70N,78.75E,2001
2001-05-01,34.728,0.259,Nagpur,India,21.70N,78.75E,2001
2001-06-01,29.064,0.416,Nagpur,India,21.70N,78.75E,2001
2001-07-01,26.504,0.359,Nagpur,India,21.70N,78.75E,2001
2001-08-01,26.45,0.196,Nagpur,India,21.70N,78.75E,2001
2001-09-01,28.275,0.361,Nagpur,India,21.70N,78.75E,2001
2001-10-01,26.108,0.198,Nagpur,India,21.70N,78.75E,2001
2001-11-01,23.16,0.447,Nagpur,India,21.70N,78.75E,2001
2001-12-01,20.418,0.851,Nagpur,India,21.70N,78.75E,2001
2002-01-01,19.347,0.23,Nagpur,India,21.70N,78.75E,2002
2002-02-01,23.028000000000002,0.467,Nagpur,India,21.70N,78.75E,2002
2002-03-01,27.529,0.25,Nagpur,India,21.70N,78.75E,2002
2002-04-01,32.448,0.259,Nagpur,India,21.70N,78.75E,2002
2002-05-01,35.501999999999995,0.4320000000000001,Nagpur,India,21.70N,78.75E,2002
2002-06-01,31.128,0.333,Nagpur,India,21.70N,78.75E,2002
2002-07-01,28.84,0.503,Nagpur,India,21.70N,78.75E,2002
2002-08-01,25.818,0.297,Nagpur,India,21.70N,78.75E,2002
2002-09-01,26.895,0.452,Nagpur,India,21.70N,78.75E,2002
2002-10-01,26.375999999999998,0.298,Nagpur,India,21.70N,78.75E,2002
2002-11-01,22.676,0.395,Nagpur,India,21.70N,78.75E,2002
2002-12-01,21.449,0.195,Nagpur,India,21.70N,78.75E,2002
2003-01-01,19.921,0.355,Nagpur,India,21.70N,78.75E,2003
2003-02-01,23.128,0.41,Nagpur,India,21.70N,78.75E,2003
2003-03-01,26.752,0.416,Nagpur,India,21.70N,78.75E,2003
2003-04-01,32.271,0.445,Nagpur,India,21.70N,78.75E,2003
2003-05-01,35.28800000000001,0.416,Nagpur,India,21.70N,78.75E,2003
2003-06-01,32.855,0.609,Nagpur,India,21.70N,78.75E,2003
2003-07-01,27.085,0.37,Nagpur,India,21.70N,78.75E,2003
2003-08-01,26.377,0.53,Nagpur,India,21.70N,78.75E,2003
2003-09-01,25.936999999999998,0.534,Nagpur,India,21.70N,78.75E,2003
2003-10-01,25.184,0.551,Nagpur,India,21.70N,78.75E,2003
2003-11-01,23.315,0.271,Nagpur,India,21.70N,78.75E,2003
2003-12-01,19.933,0.22,Nagpur,India,21.70N,78.75E,2003
2004-01-01,19.566,0.38,Nagpur,India,21.70N,78.75E,2004
2004-02-01,21.965999999999998,0.282,Nagpur,India,21.70N,78.75E,2004
2004-03-01,28.574,0.29600000000000004,Nagpur,India,21.70N,78.75E,2004
2004-04-01,32.565999999999995,0.425,Nagpur,India,21.70N,78.75E,2004
2004-05-01,34.123000000000005,0.259,Nagpur,India,21.70N,78.75E,2004
2004-06-01,30.826,0.421,Nagpur,India,21.70N,78.75E,2004
2004-07-01,27.933000000000003,0.165,Nagpur,India,21.70N,78.75E,2004
2004-08-01,25.732,0.439,Nagpur,India,21.70N,78.75E,2004
2004-09-01,27.765,0.37,Nagpur,India,21.70N,78.75E,2004
2004-10-01,25.176,0.379,Nagpur,India,21.70N,78.75E,2004
2004-11-01,22.729,0.195,Nagpur,India,21.70N,78.75E,2004
2004-12-01,19.92,0.138,Nagpur,India,21.70N,78.75E,2004
2005-01-01,19.655,0.16,Nagpur,India,21.70N,78.75E,2005
2005-02-01,22.729,0.482,Nagpur,India,21.70N,78.75E,2005
2005-03-01,27.264,0.402,Nagpur,India,21.70N,78.75E,2005
2005-04-01,31.02,0.363,Nagpur,India,21.70N,78.75E,2005
2005-05-01,34.505,0.403,Nagpur,India,21.70N,78.75E,2005
2005-06-01,33.462,0.379,Nagpur,India,21.70N,78.75E,2005
2005-07-01,26.884,0.195,Nagpur,India,21.70N,78.75E,2005
2005-08-01,26.531999999999996,0.361,Nagpur,India,21.70N,78.75E,2005
2005-09-01,27.031999999999996,0.222,Nagpur,India,21.70N,78.75E,2005
2005-10-01,25.396,0.422,Nagpur,India,21.70N,78.75E,2005
2005-11-01,21.496,0.624,Nagpur,India,21.70N,78.75E,2005
2005-12-01,18.775,0.42,Nagpur,India,21.70N,78.75E,2005
2006-01-01,19.785,0.403,Nagpur,India,21.70N,78.75E,2006
2006-02-01,24.314,0.181,Nagpur,India,21.70N,78.75E,2006
2006-03-01,25.441,0.273,Nagpur,India,21.70N,78.75E,2006
2006-04-01,31.357,0.312,Nagpur,India,21.70N,78.75E,2006
2006-05-01,33.944,0.371,Nagpur,India,21.70N,78.75E,2006
2006-06-01,31.834,0.32299999999999995,Nagpur,India,21.70N,78.75E,2006
2006-07-01,26.693,0.275,Nagpur,India,21.70N,78.75E,2006
2006-08-01,25.886999999999997,0.398,Nagpur,India,21.70N,78.75E,2006
2006-09-01,27.228,0.277,Nagpur,India,21.70N,78.75E,2006
2006-10-01,26.374000000000002,0.209,Nagpur,India,21.70N,78.75E,2006
2006-11-01,23.073,0.867,Nagpur,India,21.70N,78.75E,2006
2006-12-01,20.568,0.602,Nagpur,India,21.70N,78.75E,2006
2007-01-01,20.084,0.557,Nagpur,India,21.70N,78.75E,2007
2007-02-01,22.72,0.527,Nagpur,India,21.70N,78.75E,2007
2007-03-01,26.714000000000002,0.384,Nagpur,India,21.70N,78.75E,2007
2007-04-01,32.098,0.339,Nagpur,India,21.70N,78.75E,2007
2007-05-01,34.672000000000004,0.488,Nagpur,India,21.70N,78.75E,2007
2007-06-01,31.524,0.353,Nagpur,India,21.70N,78.75E,2007
2007-07-01,27.221999999999998,0.133,Nagpur,India,21.70N,78.75E,2007
2007-08-01,26.686999999999998,0.171,Nagpur,India,21.70N,78.75E,2007
2007-09-01,27.289,0.6659999999999999,Nagpur,India,21.70N,78.75E,2007
2007-10-01,25.276,0.212,Nagpur,India,21.70N,78.75E,2007
2007-11-01,22.343000000000004,0.512,Nagpur,India,21.70N,78.75E,2007
2007-12-01,20.095,0.215,Nagpur,India,21.70N,78.75E,2007
2008-01-01,19.701,0.485,Nagpur,India,21.70N,78.75E,2008
2008-02-01,20.788,0.28600000000000003,Nagpur,India,21.70N,78.75E,2008
2008-03-01,27.482,0.251,Nagpur,India,21.70N,78.75E,2008
2008-04-01,31.244,0.172,Nagpur,India,21.70N,78.75E,2008
2008-05-01,34.381,0.327,Nagpur,India,21.70N,78.75E,2008
2008-06-01,29.367,0.51,Nagpur,India,21.70N,78.75E,2008
2008-07-01,27.173000000000002,0.179,Nagpur,India,21.70N,78.75E,2008
2008-08-01,26.56,0.325,Nagpur,India,21.70N,78.75E,2008
2008-09-01,26.95,0.228,Nagpur,India,21.70N,78.75E,2008
2008-10-01,25.99,0.262,Nagpur,India,21.70N,78.75E,2008
2008-11-01,23.255,0.94,Nagpur,India,21.70N,78.75E,2008
2008-12-01,21.365,0.273,Nagpur,India,21.70N,78.75E,2008
2009-01-01,21.648000000000003,0.631,Nagpur,India,21.70N,78.75E,2009
2009-02-01,24.375,0.468,Nagpur,India,21.70N,78.75E,2009
2009-03-01,28.078000000000003,0.6829999999999999,Nagpur,India,21.70N,78.75E,2009
2009-04-01,32.116,0.532,Nagpur,India,21.70N,78.75E,2009
2009-05-01,35.22700000000001,0.515,Nagpur,India,21.70N,78.75E,2009
2009-06-01,33.426,0.213,Nagpur,India,21.70N,78.75E,2009
2009-07-01,27.193,0.29600000000000004,Nagpur,India,21.70N,78.75E,2009
2009-08-01,27.261999999999997,0.213,Nagpur,India,21.70N,78.75E,2009
2009-09-01,28.007,0.14,Nagpur,India,21.70N,78.75E,2009
2009-10-01,25.441999999999997,0.17600000000000002,Nagpur,India,21.70N,78.75E,2009
2009-11-01,22.36,0.334,Nagpur,India,21.70N,78.75E,2009
2009-12-01,20.533,0.362,Nagpur,India,21.70N,78.75E,2009
2010-01-01,18.679000000000002,0.496,Nagpur,India,21.70N,78.75E,2010
2010-02-01,22.809,0.379,Nagpur,India,21.70N,78.75E,2010
2010-03-01,28.861,0.498,Nagpur,India,21.70N,78.75E,2010
2010-04-01,33.411,0.297,Nagpur,India,21.70N,78.75E,2010
2010-05-01,35.86400000000001,0.175,Nagpur,India,21.70N,78.75E,2010
2010-06-01,32.452,0.214,Nagpur,India,21.70N,78.75E,2010
2010-07-01,27.482,0.147,Nagpur,India,21.70N,78.75E,2010
2010-08-01,26.953000000000003,0.188,Nagpur,India,21.70N,78.75E,2010
2010-09-01,27.008000000000003,0.241,Nagpur,India,21.70N,78.75E,2010
2010-10-01,26.252,0.235,Nagpur,India,21.70N,78.75E,2010
2010-11-01,24.233,0.825,Nagpur,India,21.70N,78.75E,2010
2010-12-01,19.12,0.501,Nagpur,India,21.70N,78.75E,2010
2000-01-01,15.201,0.512,New Delhi,India,28.13N,77.27E,2000
2000-02-01,16.387999999999998,0.385,New Delhi,India,28.13N,77.27E,2000
2000-03-01,22.921,0.31,New Delhi,India,28.13N,77.27E,2000
2000-04-01,31.266,0.3670000000000001,New Delhi,India,28.13N,77.27E,2000
2000-05-01,34.524,0.892,New Delhi,India,28.13N,77.27E,2000
2000-06-01,33.074000000000005,0.317,New Delhi,India,28.13N,77.27E,2000
2000-07-01,30.925,0.43,New Delhi,India,28.13N,77.27E,2000
2000-08-01,30.687,0.27,New Delhi,India,28.13N,77.27E,2000
2000-09-01,30.083000000000002,0.345,New Delhi,India,28.13N,77.27E,2000
2000-10-01,28.164,0.237,New Delhi,India,28.13N,77.27E,2000
2000-11-01,22.445,0.451,New Delhi,India,28.13N,77.27E,2000
2000-12-01,16.902,0.254,New Delhi,India,28.13N,77.27E,2000
2001-01-01,14.197000000000001,0.329,New Delhi,India,28.13N,77.27E,2001
2001-02-01,18.882,0.612,New Delhi,India,28.13N,77.27E,2001
2001-03-01,23.918000000000003,0.565,New Delhi,India,28.13N,77.27E,2001
2001-04-01,29.155,0.268,New Delhi,India,28.13N,77.27E,2001
2001-05-01,33.541000000000004,0.229,New Delhi,India,28.13N,77.27E,2001
2001-06-01,31.870000000000005,0.342,New Delhi,India,28.13N,77.27E,2001
2001-07-01,30.888,0.584,New Delhi,India,28.13N,77.27E,2001
2001-08-01,30.832,0.198,New Delhi,India,28.13N,77.27E,2001
2001-09-01,30.92,0.332,New Delhi,India,28.13N,77.27E,2001
2001-10-01,27.686999999999998,0.222,New Delhi,India,28.13N,77.27E,2001
2001-11-01,21.805999999999997,0.257,New Delhi,India,28.13N,77.27E,2001
2001-12-01,16.659000000000002,0.672,New Delhi,India,28.13N,77.27E,2001
2002-01-01,14.73,0.489,New Delhi,India,28.13N,77.27E,2002
2002-02-01,17.741999999999994,0.361,New Delhi,India,28.13N,77.27E,2002
2002-03-01,24.459,0.219,New Delhi,India,28.13N,77.27E,2002
2002-04-01,30.945,0.412,New Delhi,India,28.13N,77.27E,2002
2002-05-01,35.23600000000001,0.336,New Delhi,India,28.13N,77.27E,2002
2002-06-01,34.728,0.443,New Delhi,India,28.13N,77.27E,2002
2002-07-01,34.672,0.77,New Delhi,India,28.13N,77.27E,2002
2002-08-01,31.075,0.211,New Delhi,India,28.13N,77.27E,2002
2002-09-01,29.175,0.821,New Delhi,India,28.13N,77.27E,2002
2002-10-01,27.633000000000003,0.46,New Delhi,India,28.13N,77.27E,2002
2002-11-01,21.886000000000006,0.353,New Delhi,India,28.13N,77.27E,2002
2002-12-01,17.331,0.532,New Delhi,India,28.13N,77.27E,2002
2003-01-01,13.42,1.025,New Delhi,India,28.13N,77.27E,2003
2003-02-01,18.199,0.5710000000000001,New Delhi,India,28.13N,77.27E,2003
2003-03-01,23.682,0.574,New Delhi,India,28.13N,77.27E,2003
2003-04-01,30.752,0.3720000000000001,New Delhi,India,28.13N,77.27E,2003
2003-05-01,34.075,0.4320000000000001,New Delhi,India,28.13N,77.27E,2003
2003-06-01,35.325,0.517,New Delhi,India,28.13N,77.27E,2003
2003-07-01,30.653000000000002,0.584,New Delhi,India,28.13N,77.27E,2003
2003-08-01,30.252,0.45,New Delhi,India,28.13N,77.27E,2003
2003-09-01,29.166,0.398,New Delhi,India,28.13N,77.27E,2003
2003-10-01,26.345,0.326,New Delhi,India,28.13N,77.27E,2003
2003-11-01,20.962000000000003,0.379,New Delhi,India,28.13N,77.27E,2003
2003-12-01,15.822000000000001,0.537,New Delhi,India,28.13N,77.27E,2003
2004-01-01,14.199000000000002,0.392,New Delhi,India,28.13N,77.27E,2004
2004-02-01,18.737000000000002,0.483,New Delhi,India,28.13N,77.27E,2004
2004-03-01,26.432,0.254,New Delhi,India,28.13N,77.27E,2004
2004-04-01,31.433000000000003,0.238,New Delhi,India,28.13N,77.27E,2004
2004-05-01,33.999,0.29,New Delhi,India,28.13N,77.27E,2004
2004-06-01,33.016999999999996,0.241,New Delhi,India,28.13N,77.27E,2004
2004-07-01,32.816,0.7290000000000001,New Delhi,India,28.13N,77.27E,2004
2004-08-01,29.993000000000002,0.229,New Delhi,India,28.13N,77.27E,2004
2004-09-01,30.534000000000002,0.222,New Delhi,India,28.13N,77.27E,2004
2004-10-01,25.6,0.305,New Delhi,India,28.13N,77.27E,2004
2004-11-01,21.421999999999997,0.28,New Delhi,India,28.13N,77.27E,2004
2004-12-01,16.697,0.397,New Delhi,India,28.13N,77.27E,2004
2005-01-01,14.383,0.395,New Delhi,India,28.13N,77.27E,2005
2005-02-01,17.669,0.331,New Delhi,India,28.13N,77.27E,2005
2005-03-01,24.469,0.355,New Delhi,India,28.13N,77.27E,2005
2005-04-01,29.322,0.511,New Delhi,India,28.13N,77.27E,2005
2005-05-01,32.998000000000005,1.098,New Delhi,India,28.13N,77.27E,2005
2005-06-01,35.2,0.273,New Delhi,India,28.13N,77.27E,2005
2005-07-01,30.544,0.398,New Delhi,India,28.13N,77.27E,2005
2005-08-01,31.364,0.462,New Delhi,India,28.13N,77.27E,2005
2005-09-01,29.675,0.192,New Delhi,India,28.13N,77.27E,2005
2005-10-01,26.409000000000002,0.536,New Delhi,India,28.13N,77.27E,2005
2005-11-01,21.200000000000006,0.331,New Delhi,India,28.13N,77.27E,2005
2005-12-01,15.36,0.224,New Delhi,India,28.13N,77.27E,2005
2006-01-01,15.594000000000001,0.433,New Delhi,India,28.13N,77.27E,2006
2006-02-01,22.174,0.6920000000000001,New Delhi,India,28.13N,77.27E,2006
2006-03-01,23.271,0.3720000000000001,New Delhi,India,28.13N,77.27E,2006
2006-04-01,30.364,0.7859999999999999,New Delhi,India,28.13N,77.27E,2006
2006-05-01,34.188,0.4970000000000001,New Delhi,India,28.13N,77.27E,2006
2006-06-01,32.943000000000005,0.8270000000000001,New Delhi,India,28.13N,77.27E,2006
2006-07-01,31.412,0.36,New Delhi,India,28.13N,77.27E,2006
2006-08-01,30.507,0.585,New Delhi,India,28.13N,77.27E,2006
2006-09-01,30.051,0.275,New Delhi,India,28.13N,77.27E,2006
2006-10-01,27.5,0.355,New Delhi,India,28.13N,77.27E,2006
2006-11-01,21.846,0.525,New Delhi,India,28.13N,77.27E,2006
2006-12-01,16.541,0.196,New Delhi,India,28.13N,77.27E,2006
2007-01-01,15.12,0.129,New Delhi,India,28.13N,77.27E,2007
2007-02-01,18.382,1.132,New Delhi,India,28.13N,77.27E,2007
2007-03-01,22.863000000000003,0.499,New Delhi,India,28.13N,77.27E,2007
2007-04-01,31.331,0.524,New Delhi,India,28.13N,77.27E,2007
2007-05-01,33.907000000000004,0.5720000000000001,New Delhi,India,28.13N,77.27E,2007
2007-06-01,34.446000000000005,0.355,New Delhi,India,28.13N,77.27E,2007
2007-07-01,31.745,0.884,New Delhi,India,28.13N,77.27E,2007
2007-08-01,30.95,0.7929999999999999,New Delhi,India,28.13N,77.27E,2007
2007-09-01,30.266,0.6709999999999999,New Delhi,India,28.13N,77.27E,2007
2007-10-01,26.886,0.33,New Delhi,India,28.13N,77.27E,2007
2007-11-01,21.927000000000003,0.197,New Delhi,India,28.13N,77.27E,2007
2007-12-01,15.925,0.276,New Delhi,India,28.13N,77.27E,2007
2008-01-01,14.534,0.156,New Delhi,India,28.13N,77.27E,2008
2008-02-01,16.808999999999994,0.253,New Delhi,India,28.13N,77.27E,2008
2008-03-01,25.979,0.348,New Delhi,India,28.13N,77.27E,2008
2008-04-01,29.609,1.075,New Delhi,India,28.13N,77.27E,2008
2008-05-01,32.313,0.542,New Delhi,India,28.13N,77.27E,2008
2008-06-01,31.151000000000003,0.397,New Delhi,India,28.13N,77.27E,2008
2008-07-01,30.918000000000003,0.217,New Delhi,India,28.13N,77.27E,2008
2008-08-01,29.868000000000002,0.27,New Delhi,India,28.13N,77.27E,2008
2008-09-01,29.513,0.364,New Delhi,India,28.13N,77.27E,2008
2008-10-01,27.791999999999998,0.81,New Delhi,India,28.13N,77.27E,2008
2008-11-01,21.769,0.53,New Delhi,India,28.13N,77.27E,2008
2008-12-01,17.845,0.157,New Delhi,India,28.13N,77.27E,2008
2009-01-01,16.096,0.253,New Delhi,India,28.13N,77.27E,2009
2009-02-01,19.479,0.366,New Delhi,India,28.13N,77.27E,2009
2009-03-01,24.655,0.416,New Delhi,India,28.13N,77.27E,2009
2009-04-01,30.182,0.429,New Delhi,India,28.13N,77.27E,2009
2009-05-01,34.067,0.472,New Delhi,India,28.13N,77.27E,2009
2009-06-01,35.543,0.527,New Delhi,India,28.13N,77.27E,2009
2009-07-01,32.271,0.274,New Delhi,India,28.13N,77.27E,2009
2009-08-01,31.519000000000002,0.387,New Delhi,India,28.13N,77.27E,2009
2009-09-01,30.154,0.292,New Delhi,India,28.13N,77.27E,2009
2009-10-01,26.6,0.417,New Delhi,India,28.13N,77.27E,2009
2009-11-01,21.214,0.293,New Delhi,India,28.13N,77.27E,2009
2009-12-01,16.871,0.338,New Delhi,India,28.13N,77.27E,2009
2010-01-01,14.014000000000001,0.493,New Delhi,India,28.13N,77.27E,2010
2010-02-01,19.178,0.368,New Delhi,India,28.13N,77.27E,2010
2010-03-01,26.953000000000003,0.238,New Delhi,India,28.13N,77.27E,2010
2010-04-01,32.809,0.358,New Delhi,India,28.13N,77.27E,2010
2010-05-01,35.61,0.321,New Delhi,India,28.13N,77.27E,2010
2010-06-01,35.165,0.285,New Delhi,India,28.13N,77.27E,2010
2010-07-01,31.465,0.439,New Delhi,India,28.13N,77.27E,2010
2010-08-01,30.031,0.655,New Delhi,India,28.13N,77.27E,2010
2010-09-01,28.612,0.733,New Delhi,India,28.13N,77.27E,2010
2010-10-01,27.256,0.475,New Delhi,India,28.13N,77.27E,2010
2010-11-01,21.756999999999998,0.314,New Delhi,India,28.13N,77.27E,2010
2010-12-01,15.393,0.6509999999999999,New Delhi,India,28.13N,77.27E,2010
2000-01-01,21.62,0.324,Pune,India,18.48N,74.37E,2000
2000-02-01,22.414,0.397,Pune,India,18.48N,74.37E,2000
2000-03-01,25.775,0.423,Pune,India,18.48N,74.37E,2000
2000-04-01,30.013,0.6629999999999999,Pune,India,18.48N,74.37E,2000
2000-05-01,29.434,0.28,Pune,India,18.48N,74.37E,2000
2000-06-01,26.915000000000006,0.34600000000000003,Pune,India,18.48N,74.37E,2000
2000-07-01,24.93,0.371,Pune,India,18.48N,74.37E,2000
2000-08-01,25.085,0.361,Pune,India,18.48N,74.37E,2000
2000-09-01,25.663,0.218,Pune,India,18.48N,74.37E,2000
2000-10-01,25.695,0.302,Pune,India,18.48N,74.37E,2000
2000-11-01,23.338,0.462,Pune,India,18.48N,74.37E,2000
2000-12-01,20.449,0.506,Pune,India,18.48N,74.37E,2000
2001-01-01,21.392000000000003,0.584,Pune,India,18.48N,74.37E,2001
2001-02-01,23.54,0.483,Pune,India,18.48N,74.37E,2001
2001-03-01,26.301,0.362,Pune,India,18.48N,74.37E,2001
2001-04-01,29.511000000000006,0.311,Pune,India,18.48N,74.37E,2001
2001-05-01,30.365,0.247,Pune,India,18.48N,74.37E,2001
2001-06-01,27.105,0.501,Pune,India,18.48N,74.37E,2001
2001-07-01,25.145000000000003,0.4970000000000001,Pune,India,18.48N,74.37E,2001
2001-08-01,24.66,0.293,Pune,India,18.48N,74.37E,2001
2001-09-01,25.836,0.269,Pune,India,18.48N,74.37E,2001
2001-10-01,25.048,0.213,Pune,India,18.48N,74.37E,2001
2001-11-01,23.566999999999997,0.561,Pune,India,18.48N,74.37E,2001
2001-12-01,21.584000000000003,0.408,Pune,India,18.48N,74.37E,2001
2002-01-01,20.415000000000006,0.557,Pune,India,18.48N,74.37E,2002
2002-02-01,24.183000000000003,0.544,Pune,India,18.48N,74.37E,2002
2002-03-01,27.204,0.265,Pune,India,18.48N,74.37E,2002
2002-04-01,30.346,0.394,Pune,India,18.48N,74.37E,2002
2002-05-01,30.952,0.329,Pune,India,18.48N,74.37E,2002
2002-06-01,27.200000000000006,0.364,Pune,India,18.48N,74.37E,2002
2002-07-01,25.964,0.364,Pune,India,18.48N,74.37E,2002
2002-08-01,24.384,0.344,Pune,India,18.48N,74.37E,2002
2002-09-01,25.500999999999998,0.397,Pune,India,18.48N,74.37E,2002
2002-10-01,25.865,0.476,Pune,India,18.48N,74.37E,2002
2002-11-01,23.284000000000002,0.301,Pune,India,18.48N,74.37E,2002
2002-12-01,21.698,0.447,Pune,India,18.48N,74.37E,2002
2003-01-01,22.083,0.34700000000000003,Pune,India,18.48N,74.37E,2003
2003-02-01,24.476,0.308,Pune,India,18.48N,74.37E,2003
2003-03-01,27.294,0.304,Pune,India,18.48N,74.37E,2003
2003-04-01,29.816000000000006,0.472,Pune,India,18.48N,74.37E,2003
2003-05-01,31.03,0.371,Pune,India,18.48N,74.37E,2003
2003-06-01,28.03,0.3670000000000001,Pune,India,18.48N,74.37E,2003
2003-07-01,25.476999999999997,0.366,Pune,India,18.48N,74.37E,2003
2003-08-01,24.998,0.409,Pune,India,18.48N,74.37E,2003
2003-09-01,25.156,0.458,Pune,India,18.48N,74.37E,2003
2003-10-01,25.543000000000003,0.36,Pune,India,18.48N,74.37E,2003
2003-11-01,24.05,0.263,Pune,India,18.48N,74.37E,2003
2003-12-01,21.028,0.6559999999999999,Pune,India,18.48N,74.37E,2003
2004-01-01,21.070999999999998,0.9,Pune,India,18.48N,74.37E,2004
2004-02-01,23.621,0.5720000000000001,Pune,India,18.48N,74.37E,2004
2004-03-01,28.128,0.353,Pune,India,18.48N,74.37E,2004
2004-04-01,29.73,0.284,Pune,India,18.48N,74.37E,2004
2004-05-01,29.902,0.311,Pune,India,18.48N,74.37E,2004
2004-06-01,27.084,0.353,Pune,India,18.48N,74.37E,2004
2004-07-01,25.340999999999998,0.237,Pune,India,18.48N,74.37E,2004
2004-08-01,24.395,0.278,Pune,India,18.48N,74.37E,2004
2004-09-01,25.27,0.354,Pune,India,18.48N,74.37E,2004
2004-10-01,24.6,0.453,Pune,India,18.48N,74.37E,2004
2004-11-01,23.667,0.28,Pune,India,18.48N,74.37E,2004
2004-12-01,20.985000000000007,0.276,Pune,India,18.48N,74.37E,2004
2005-01-01,21.059,0.466,Pune,India,18.48N,74.37E,2005
2005-02-01,23.374000000000002,0.454,Pune,India,18.48N,74.37E,2005
2005-03-01,26.701,0.271,Pune,India,18.48N,74.37E,2005
2005-04-01,29.430000000000003,0.219,Pune,India,18.48N,74.37E,2005
2005-05-01,30.583000000000002,0.238,Pune,India,18.48N,74.37E,2005
2005-06-01,28.304,0.244,Pune,India,18.48N,74.37E,2005
2005-07-01,25.232000000000006,0.223,Pune,India,18.48N,74.37E,2005
2005-08-01,24.504,0.215,Pune,India,18.48N,74.37E,2005
2005-09-01,24.857,0.254,Pune,India,18.48N,74.37E,2005
2005-10-01,24.608,0.195,Pune,India,18.48N,74.37E,2005
2005-11-01,22.01,0.398,Pune,India,18.48N,74.37E,2005
2005-12-01,20.365,0.244,Pune,India,18.48N,74.37E,2005
2006-01-01,21.116999999999997,0.373,Pune,India,18.48N,74.37E,2006
2006-02-01,24.321,0.209,Pune,India,18.48N,74.37E,2006
2006-03-01,26.355,0.348,Pune,India,18.48N,74.37E,2006
2006-04-01,29.219,0.426,Pune,India,18.48N,74.37E,2006
2006-05-01,30.375,0.491,Pune,India,18.48N,74.37E,2006
2006-06-01,27.249,0.315,Pune,India,18.48N,74.37E,2006
2006-07-01,24.926,0.325,Pune,India,18.48N,74.37E,2006
2006-08-01,24.315,0.299,Pune,India,18.48N,74.37E,2006
2006-09-01,25.421,0.273,Pune,India,18.48N,74.37E,2006
2006-10-01,25.467,0.354,Pune,India,18.48N,74.37E,2006
2006-11-01,23.622,0.199,Pune,India,18.48N,74.37E,2006
2006-12-01,21.335,0.387,Pune,India,18.48N,74.37E,2006
2007-01-01,21.741000000000003,0.255,Pune,India,18.48N,74.37E,2007
2007-02-01,23.606,0.224,Pune,India,18.48N,74.37E,2007
2007-03-01,27.230999999999998,0.236,Pune,India,18.48N,74.37E,2007
2007-04-01,30.019,0.198,Pune,India,18.48N,74.37E,2007
2007-05-01,30.738000000000003,0.211,Pune,India,18.48N,74.37E,2007
2007-06-01,27.733,0.424,Pune,India,18.48N,74.37E,2007
2007-07-01,25.585,0.294,Pune,India,18.48N,74.37E,2007
2007-08-01,25.072,0.314,Pune,India,18.48N,74.37E,2007
2007-09-01,25.302,0.256,Pune,India,18.48N,74.37E,2007
2007-10-01,25.320999999999998,0.224,Pune,India,18.48N,74.37E,2007
2007-11-01,23.013,0.235,Pune,India,18.48N,74.37E,2007
2007-12-01,21.656999999999996,0.263,Pune,India,18.48N,74.37E,2007
2008-01-01,20.705,0.374,Pune,India,18.48N,74.37E,2008
2008-02-01,22.348000000000003,0.406,Pune,India,18.48N,74.37E,2008
2008-03-01,27.006999999999998,0.531,Pune,India,18.48N,74.37E,2008
2008-04-01,29.433000000000003,0.203,Pune,India,18.48N,74.37E,2008
2008-05-01,30.314,0.179,Pune,India,18.48N,74.37E,2008
2008-06-01,27.232000000000006,0.431,Pune,India,18.48N,74.37E,2008
2008-07-01,25.523000000000003,0.501,Pune,India,18.48N,74.37E,2008
2008-08-01,24.536,0.331,Pune,India,18.48N,74.37E,2008
2008-09-01,24.865,0.27,Pune,India,18.48N,74.37E,2008
2008-10-01,25.031999999999996,0.391,Pune,India,18.48N,74.37E,2008
2008-11-01,23.699,0.423,Pune,India,18.48N,74.37E,2008
2008-12-01,22.069000000000006,0.315,Pune,India,18.48N,74.37E,2008
2009-01-01,22.046999999999997,0.24,Pune,India,18.48N,74.37E,2009
2009-02-01,24.518,0.34600000000000003,Pune,India,18.48N,74.37E,2009
2009-03-01,27.601,0.298,Pune,India,18.48N,74.37E,2009
2009-04-01,30.498,0.273,Pune,India,18.48N,74.37E,2009
2009-05-01,30.639,0.15,Pune,India,18.48N,74.37E,2009
2009-06-01,28.616,0.295,Pune,India,18.48N,74.37E,2009
2009-07-01,25.156999999999996,0.29,Pune,India,18.48N,74.37E,2009
2009-08-01,25.458000000000002,0.213,Pune,India,18.48N,74.37E,2009
2009-09-01,25.936,0.239,Pune,India,18.48N,74.37E,2009
2009-10-01,24.991999999999997,0.151,Pune,India,18.48N,74.37E,2009
2009-11-01,23.369,0.297,Pune,India,18.48N,74.37E,2009
2009-12-01,21.588,0.234,Pune,India,18.48N,74.37E,2009
2010-01-01,21.5,0.271,Pune,India,18.48N,74.37E,2010
2010-02-01,24.162,0.257,Pune,India,18.48N,74.37E,2010
2010-03-01,27.96,0.451,Pune,India,18.48N,74.37E,2010
2010-04-01,30.746,0.239,Pune,India,18.48N,74.37E,2010
2010-05-01,31.7,0.258,Pune,India,18.48N,74.37E,2010
2010-06-01,27.834,0.2,Pune,India,18.48N,74.37E,2010
2010-07-01,25.144,0.282,Pune,India,18.48N,74.37E,2010
2010-08-01,24.941,0.212,Pune,India,18.48N,74.37E,2010
2010-09-01,25.182,0.393,Pune,India,18.48N,74.37E,2010
2010-10-01,25.435,0.327,Pune,India,18.48N,74.37E,2010
2010-11-01,24.295,0.475,Pune,India,18.48N,74.37E,2010
2010-12-01,20.090999999999998,0.354,Pune,India,18.48N,74.37E,2010
2000-01-01,21.588,0.6709999999999999,Surat,India,21.70N,73.56E,2000
2000-02-01,22.293000000000003,0.395,Surat,India,21.70N,73.56E,2000
2000-03-01,27.136000000000006,0.324,Surat,India,21.70N,73.56E,2000
2000-04-01,31.714,0.252,Surat,India,21.70N,73.56E,2000
2000-05-01,31.76,0.379,Surat,India,21.70N,73.56E,2000
2000-06-01,30.919,0.635,Surat,India,21.70N,73.56E,2000
2000-07-01,28.011,0.197,Surat,India,21.70N,73.56E,2000
2000-08-01,28.326,0.474,Surat,India,21.70N,73.56E,2000
2000-09-01,28.465,0.251,Surat,India,21.70N,73.56E,2000
2000-10-01,28.131,1.048,Surat,India,21.70N,73.56E,2000
2000-11-01,24.804,1.412,Surat,India,21.70N,73.56E,2000
2000-12-01,21.201,1.012,Surat,India,21.70N,73.56E,2000
2001-01-01,20.39,0.964,Surat,India,21.70N,73.56E,2001
2001-02-01,23.241,0.825,Surat,India,21.70N,73.56E,2001
2001-03-01,27.348000000000006,0.258,Surat,India,21.70N,73.56E,2001
2001-04-01,30.730999999999998,0.197,Surat,India,21.70N,73.56E,2001
2001-05-01,32.321,0.616,Surat,India,21.70N,73.56E,2001
2001-06-01,29.704,0.383,Surat,India,21.70N,73.56E,2001
2001-07-01,27.592,0.411,Surat,India,21.70N,73.56E,2001
2001-08-01,27.674,0.194,Surat,India,21.70N,73.56E,2001
2001-09-01,28.985000000000007,0.204,Surat,India,21.70N,73.56E,2001
2001-10-01,27.866,0.38,Surat,India,21.70N,73.56E,2001
2001-11-01,24.836,0.274,Surat,India,21.70N,73.56E,2001
2001-12-01,22.079,0.471,Surat,India,21.70N,73.56E,2001
2002-01-01,20.265,0.479,Surat,India,21.70N,73.56E,2002
2002-02-01,23.781,0.52,Surat,India,21.70N,73.56E,2002
2002-03-01,28.265,0.398,Surat,India,21.70N,73.56E,2002
2002-04-01,31.796,0.374,Surat,India,21.70N,73.56E,2002
2002-05-01,33.351,0.475,Surat,India,21.70N,73.56E,2002
2002-06-01,30.971999999999998,0.223,Surat,India,21.70N,73.56E,2002
2002-07-01,29.188000000000002,0.49,Surat,India,21.70N,73.56E,2002
2002-08-01,27.234,0.304,Surat,India,21.70N,73.56E,2002
2002-09-01,27.834000000000003,0.242,Surat,India,21.70N,73.56E,2002
2002-10-01,28.459000000000003,0.345,Surat,India,21.70N,73.56E,2002
2002-11-01,24.694000000000003,0.591,Surat,India,21.70N,73.56E,2002
2002-12-01,22.334,0.883,Surat,India,21.70N,73.56E,2002
2003-01-01,21.703000000000007,0.379,Surat,India,21.70N,73.56E,2003
2003-02-01,24.246,0.532,Surat,India,21.70N,73.56E,2003
2003-03-01,27.939,0.436,Surat,India,21.70N,73.56E,2003
2003-04-01,31.526,0.262,Surat,India,21.70N,73.56E,2003
2003-05-01,32.785,0.363,Surat,India,21.70N,73.56E,2003
2003-06-01,31.250999999999998,0.46,Surat,India,21.70N,73.56E,2003
2003-07-01,28.381,0.408,Surat,India,21.70N,73.56E,2003
2003-08-01,27.662,0.375,Surat,India,21.70N,73.56E,2003
2003-09-01,27.524,0.341,Surat,India,21.70N,73.56E,2003
2003-10-01,27.17,0.383,Surat,India,21.70N,73.56E,2003
2003-11-01,25.346999999999998,0.547,Surat,India,21.70N,73.56E,2003
2003-12-01,21.237,0.465,Surat,India,21.70N,73.56E,2003
2004-01-01,20.511999999999997,0.317,Surat,India,21.70N,73.56E,2004
2004-02-01,23.402,0.259,Surat,India,21.70N,73.56E,2004
2004-03-01,29.543000000000006,0.274,Surat,India,21.70N,73.56E,2004
2004-04-01,31.761000000000006,0.369,Surat,India,21.70N,73.56E,2004
2004-05-01,32.659,0.413,Surat,India,21.70N,73.56E,2004
2004-06-01,30.799,0.299,Surat,India,21.70N,73.56E,2004
2004-07-01,28.941,0.402,Surat,India,21.70N,73.56E,2004
2004-08-01,27.105999999999998,0.314,Surat,India,21.70N,73.56E,2004
2004-09-01,28.449,0.251,Surat,India,21.70N,73.56E,2004
2004-10-01,26.699,0.53,Surat,India,21.70N,73.56E,2004
2004-11-01,25.474,0.621,Surat,India,21.70N,73.56E,2004
2004-12-01,22.142,0.203,Surat,India,21.70N,73.56E,2004
2005-01-01,19.813,0.177,Surat,India,21.70N,73.56E,2005
2005-02-01,23.029,0.447,Surat,India,21.70N,73.56E,2005
2005-03-01,28.035999999999998,0.49,Surat,India,21.70N,73.56E,2005
2005-04-01,30.904,0.5589999999999999,Surat,India,21.70N,73.56E,2005
2005-05-01,32.538999999999994,0.366,Surat,India,21.70N,73.56E,2005
2005-06-01,31.535999999999998,0.248,Surat,India,21.70N,73.56E,2005
2005-07-01,28.612,0.409,Surat,India,21.70N,73.56E,2005
2005-08-01,27.508000000000003,0.256,Surat,India,21.70N,73.56E,2005
2005-09-01,27.614,0.28300000000000003,Surat,India,21.70N,73.56E,2005
2005-10-01,26.948,0.568,Surat,India,21.70N,73.56E,2005
2005-11-01,23.836,0.474,Surat,India,21.70N,73.56E,2005
2005-12-01,20.319000000000006,0.413,Surat,India,21.70N,73.56E,2005
2006-01-01,21.084,0.518,Surat,India,21.70N,73.56E,2006
2006-02-01,25.713,0.203,Surat,India,21.70N,73.56E,2006
2006-03-01,27.253,0.667,Surat,India,21.70N,73.56E,2006
2006-04-01,30.775,0.443,Surat,India,21.70N,73.56E,2006
2006-05-01,32.733000000000004,0.379,Surat,India,21.70N,73.56E,2006
2006-06-01,30.631,0.366,Surat,India,21.70N,73.56E,2006
2006-07-01,28.072,0.276,Surat,India,21.70N,73.56E,2006
2006-08-01,26.688000000000002,0.449,Surat,India,21.70N,73.56E,2006
2006-09-01,28.178,0.29100000000000004,Surat,India,21.70N,73.56E,2006
2006-10-01,27.759,0.4270000000000001,Surat,India,21.70N,73.56E,2006
2006-11-01,24.872,0.27,Surat,India,21.70N,73.56E,2006
2006-12-01,22.035,0.339,Surat,India,21.70N,73.56E,2006
2007-01-01,21.338,0.24,Surat,India,21.70N,73.56E,2007
2007-02-01,24.27,0.281,Surat,India,21.70N,73.56E,2007
2007-03-01,28.113000000000003,0.343,Surat,India,21.70N,73.56E,2007
2007-04-01,31.889000000000006,0.189,Surat,India,21.70N,73.56E,2007
2007-05-01,32.940999999999995,0.37,Surat,India,21.70N,73.56E,2007
2007-06-01,31.226999999999997,0.292,Surat,India,21.70N,73.56E,2007
2007-07-01,28.627,0.263,Surat,India,21.70N,73.56E,2007
2007-08-01,27.824,0.224,Surat,India,21.70N,73.56E,2007
2007-09-01,28.175,0.298,Surat,India,21.70N,73.56E,2007
2007-10-01,26.967,0.325,Surat,India,21.70N,73.56E,2007
2007-11-01,24.767,0.294,Surat,India,21.70N,73.56E,2007
2007-12-01,21.603,0.236,Surat,India,21.70N,73.56E,2007
2008-01-01,20.026,0.392,Surat,India,21.70N,73.56E,2008
2008-02-01,21.371,0.402,Surat,India,21.70N,73.56E,2008
2008-03-01,28.237,0.34700000000000003,Surat,India,21.70N,73.56E,2008
2008-04-01,30.956,0.306,Surat,India,21.70N,73.56E,2008
2008-05-01,32.134,0.315,Surat,India,21.70N,73.56E,2008
2008-06-01,30.15,0.295,Surat,India,21.70N,73.56E,2008
2008-07-01,28.374000000000002,0.227,Surat,India,21.70N,73.56E,2008
2008-08-01,27.165,0.307,Surat,India,21.70N,73.56E,2008
2008-09-01,27.694000000000006,0.225,Surat,India,21.70N,73.56E,2008
2008-10-01,27.543000000000006,0.231,Surat,India,21.70N,73.56E,2008
2008-11-01,25.057,0.405,Surat,India,21.70N,73.56E,2008
2008-12-01,23.238000000000003,0.385,Surat,India,21.70N,73.56E,2008
2009-01-01,22.275,0.364,Surat,India,21.70N,73.56E,2009
2009-02-01,25.049,0.214,Surat,India,21.70N,73.56E,2009
2009-03-01,29.147,0.272,Surat,India,21.70N,73.56E,2009
2009-04-01,32.167,0.591,Surat,India,21.70N,73.56E,2009
2009-05-01,32.898,0.495,Surat,India,21.70N,73.56E,2009
2009-06-01,32.025,0.234,Surat,India,21.70N,73.56E,2009
2009-07-01,28.437,0.302,Surat,India,21.70N,73.56E,2009
2009-08-01,28.502,0.324,Surat,India,21.70N,73.56E,2009
2009-09-01,29.003,0.239,Surat,India,21.70N,73.56E,2009
2009-10-01,27.378,0.211,Surat,India,21.70N,73.56E,2009
2009-11-01,24.64,0.415,Surat,India,21.70N,73.56E,2009
2009-12-01,22.316999999999997,0.328,Surat,India,21.70N,73.56E,2009
2010-01-01,21.461,0.415,Surat,India,21.70N,73.56E,2010
2010-02-01,24.338,0.293,Surat,India,21.70N,73.56E,2010
2010-03-01,29.568,0.482,Surat,India,21.70N,73.56E,2010
2010-04-01,32.616,0.276,Surat,India,21.70N,73.56E,2010
2010-05-01,34.211,0.334,Surat,India,21.70N,73.56E,2010
2010-06-01,31.776999999999997,0.294,Surat,India,21.70N,73.56E,2010
2010-07-01,28.683000000000003,0.155,Surat,India,21.70N,73.56E,2010
2010-08-01,27.87,0.32,Surat,India,21.70N,73.56E,2010
2010-09-01,27.958,0.301,Surat,India,21.70N,73.56E,2010
2010-10-01,28.101999999999997,0.381,Surat,India,21.70N,73.56E,2010
2010-11-01,25.448,0.755,Surat,India,21.70N,73.56E,2010
2010-12-01,20.148,0.32299999999999995,Surat,India,21.70N,73.56E,2010
